-- MySQL dump 10.13  Distrib 8.0.42, for macos15 (x86_64)
--
-- Host: localhost    Database: miniSahibinden
-- ------------------------------------------------------
-- Server version	8.0.42

/*!40101 SET @OLD_CHARACTER_SET_CLIENT=@@CHARACTER_SET_CLIENT */;
/*!40101 SET @OLD_CHARACTER_SET_RESULTS=@@CHARACTER_SET_RESULTS */;
/*!40101 SET @OLD_COLLATION_CONNECTION=@@COLLATION_CONNECTION */;
/*!50503 SET NAMES utf8mb4 */;
/*!40103 SET @OLD_TIME_ZONE=@@TIME_ZONE */;
/*!40103 SET TIME_ZONE='+00:00' */;
/*!40014 SET @OLD_UNIQUE_CHECKS=@@UNIQUE_CHECKS, UNIQUE_CHECKS=0 */;
/*!40014 SET @OLD_FOREIGN_KEY_CHECKS=@@FOREIGN_KEY_CHECKS, FOREIGN_KEY_CHECKS=0 */;
/*!40101 SET @OLD_SQL_MODE=@@SQL_MODE, SQL_MODE='NO_AUTO_VALUE_ON_ZERO' */;
/*!40111 SET @OLD_SQL_NOTES=@@SQL_NOTES, SQL_NOTES=0 */;

--
-- Table structure for table `Brands`
--

DROP TABLE IF EXISTS `Brands`;
/*!40101 SET @saved_cs_client     = @@character_set_client */;
/*!50503 SET character_set_client = utf8mb4 */;
CREATE TABLE `Brands` (
  `brand_id` int NOT NULL AUTO_INCREMENT,
  `brand_name` varchar(50) DEFAULT NULL,
  PRIMARY KEY (`brand_id`),
  UNIQUE KEY `brand_name` (`brand_name`)
) ENGINE=InnoDB AUTO_INCREMENT=51 DEFAULT CHARSET=utf8mb4 COLLATE=utf8mb4_0900_ai_ci;
/*!40101 SET character_set_client = @saved_cs_client */;

--
-- Dumping data for table `Brands`
--

LOCK TABLES `Brands` WRITE;
/*!40000 ALTER TABLE `Brands` DISABLE KEYS */;
INSERT INTO `Brands` VALUES (1,'ALFA ROMEO'),(2,'ALPINE'),(3,'ASTON MARTIN'),(4,'AUDI'),(5,'BENTLEY'),(6,'BMW'),(7,'BYD'),(8,'CHERY'),(9,'CITROEN'),(10,'CUPRA'),(11,'DACIA'),(12,'DFSK'),(13,'DS'),(14,'FERRARI'),(15,'FIAT'),(16,'FORD'),(17,'HONDA'),(18,'HONGQI'),(19,'HYUNDAI'),(20,'JAECOO'),(21,'JAGUAR'),(22,'JEEP'),(23,'KG MOBILITY – SSANGYONG'),(24,'KIA'),(25,'LAMBORGHINI'),(26,'LAND ROVER'),(27,'LEAPMOTOR'),(28,'LEXUS'),(29,'MASERATI'),(30,'MERCEDES-BENZ'),(31,'MG'),(32,'MINI'),(33,'MITSUBISHI'),(34,'NETA'),(35,'NISSAN'),(36,'OPEL'),(37,'PEUGEOT'),(38,'PORSCHE'),(39,'RENAULT'),(40,'SEAT'),(41,'SERES'),(42,'SKODA'),(43,'SKYWELL'),(44,'SUBARU'),(45,'SUZUKI'),(46,'TESLA'),(47,'TOGG'),(48,'TOYOTA'),(49,'VOLKSWAGEN'),(50,'VOLVO');
/*!40000 ALTER TABLE `Brands` ENABLE KEYS */;
UNLOCK TABLES;

--
-- Table structure for table `Cars`
--

DROP TABLE IF EXISTS `Cars`;
/*!40101 SET @saved_cs_client     = @@character_set_client */;
/*!50503 SET character_set_client = utf8mb4 */;
CREATE TABLE `Cars` (
  `car_id` int NOT NULL AUTO_INCREMENT,
  `model_id` int DEFAULT NULL,
  `user_id` int DEFAULT NULL,
  `price` decimal(10,2) DEFAULT NULL,
  `year` int DEFAULT NULL,
  `mileage` int DEFAULT NULL,
  `date_posted` date DEFAULT NULL,
  PRIMARY KEY (`car_id`),
  KEY `model_id` (`model_id`),
  KEY `user_id` (`user_id`),
  CONSTRAINT `cars_ibfk_1` FOREIGN KEY (`model_id`) REFERENCES `Models` (`model_id`),
  CONSTRAINT `cars_ibfk_2` FOREIGN KEY (`user_id`) REFERENCES `Users` (`user_id`)
) ENGINE=InnoDB AUTO_INCREMENT=1501 DEFAULT CHARSET=utf8mb4 COLLATE=utf8mb4_0900_ai_ci;
/*!40101 SET character_set_client = @saved_cs_client */;

--
-- Dumping data for table `Cars`
--

LOCK TABLES `Cars` WRITE;
/*!40000 ALTER TABLE `Cars` DISABLE KEYS */;
INSERT INTO `Cars` VALUES (1,102,2,1903000.00,2011,18509,'2024-10-02'),(2,210,5,4475700.00,2018,190607,'2024-08-02'),(3,231,52,8550000.00,2010,237064,'2024-05-10'),(4,11,98,9836087.00,2019,43317,'2024-04-08'),(5,52,96,6586063.00,2020,54895,'2024-07-18'),(6,31,80,1950000.00,2023,137130,'2024-08-04'),(7,81,7,2002800.00,2008,235554,'2024-10-27'),(8,208,7,2275500.00,2008,13724,'2024-07-14'),(9,138,7,2079900.00,2010,220336,'2024-05-10'),(10,181,85,1295000.00,2010,196625,'2024-07-19'),(11,278,11,1440000.00,2024,173949,'2024-11-04'),(12,101,77,2213000.00,2023,227127,'2024-08-28'),(13,115,40,26735000.00,2012,162795,'2024-05-07'),(14,209,23,2531200.00,2009,173510,'2024-09-07'),(15,47,78,1589900.00,2019,59827,'2024-01-21'),(16,125,54,5125389.00,2024,173457,'2024-10-17'),(17,193,63,19035719.00,2011,194624,'2024-09-24'),(18,223,12,48407150.00,2017,71579,'2024-10-18'),(19,257,93,2950000.00,2018,174124,'2024-07-22'),(20,219,28,1866203.00,2012,11577,'2024-02-06'),(21,91,56,1463000.00,2024,117500,'2024-07-08'),(22,90,17,1172900.00,2009,67549,'2024-03-19'),(23,201,44,3364800.00,2013,242305,'2024-01-09'),(24,169,31,1631000.00,2023,81477,'2024-10-26'),(25,120,73,3471537.00,2014,98585,'2024-04-13'),(26,57,89,4597673.00,2023,123606,'2024-03-25'),(27,233,85,13800000.00,2011,54570,'2024-04-09'),(28,139,3,3049900.00,2018,106937,'2024-11-11'),(29,225,78,7300000.00,2015,245248,'2024-02-18'),(30,104,28,1843500.00,2012,208477,'2024-01-03'),(31,134,85,1975000.00,2022,85911,'2024-12-06'),(32,113,93,11555000.00,2009,53109,'2024-06-10'),(33,120,7,3471537.00,2014,182294,'2024-10-27'),(34,223,23,48407150.00,2013,125815,'2024-09-14'),(35,90,4,1172900.00,2021,33477,'2024-06-07'),(36,12,98,6828183.00,2013,239217,'2024-03-14'),(37,232,67,9400000.00,2021,105747,'2024-12-19'),(38,57,37,4597673.00,2020,228450,'2024-06-09'),(39,86,95,2629400.00,2024,51697,'2024-03-05'),(40,72,73,3750000.00,2015,68302,'2024-08-18'),(41,111,1,5860000.00,2015,110725,'2024-02-06'),(42,107,84,1671500.00,2013,74684,'2024-12-04'),(43,29,27,4523900.00,2011,122304,'2024-05-28'),(44,61,55,5282806.00,2010,240064,'2024-02-26'),(45,78,60,1881938.00,2011,228726,'2024-04-11'),(46,91,72,1463000.00,2012,206189,'2024-03-18'),(47,61,12,5282806.00,2023,15384,'2024-10-27'),(48,223,43,48407150.00,2022,106525,'2024-01-24'),(49,83,61,2116800.00,2014,171122,'2024-02-11'),(50,88,89,1693900.00,2011,248507,'2024-06-18'),(51,81,62,2002800.00,2017,61460,'2024-04-02'),(52,84,14,2340100.00,2022,231396,'2024-05-05'),(53,110,48,18100000.00,2023,110632,'2024-04-06'),(54,175,93,7338220.00,2019,116318,'2024-11-04'),(55,210,86,4475700.00,2011,77283,'2024-05-05'),(56,199,97,13210865.00,2023,150192,'2024-07-15'),(57,186,73,2420000.00,2012,38054,'2024-09-11'),(58,228,94,7450000.00,2011,165239,'2024-03-15'),(59,43,63,2226900.00,2017,36711,'2024-10-18'),(60,121,77,7333142.00,2020,122685,'2024-05-28'),(61,162,25,1907000.00,2009,117904,'2024-11-08'),(62,2,7,1859000.00,2010,95727,'2024-01-25'),(63,73,41,2950000.00,2017,91145,'2024-03-09'),(64,86,66,2629400.00,2019,181320,'2024-04-13'),(65,237,10,4970000.00,2020,205367,'2024-04-09'),(66,68,94,2540000.00,2009,248452,'2024-02-15'),(67,267,33,1540000.00,2016,61138,'2024-03-17'),(68,73,12,2950000.00,2017,51582,'2024-11-28'),(69,22,78,18032800.00,2021,45169,'2024-07-13'),(70,176,86,5387110.00,2023,117078,'2024-10-12'),(71,116,64,16360000.00,2021,46267,'2024-01-11'),(72,34,49,1950000.00,2011,151587,'2024-08-06'),(73,215,55,1824000.00,2019,232265,'2024-11-17'),(74,227,47,6850000.00,2019,143358,'2024-11-11'),(75,96,46,1260000.00,2013,198063,'2024-02-23'),(76,186,89,2420000.00,2011,32583,'2024-05-28'),(77,128,43,1795000.00,2022,169609,'2024-07-19'),(78,100,62,2001500.00,2024,115749,'2024-02-22'),(79,110,10,18100000.00,2013,247552,'2024-02-28'),(80,272,99,5480000.00,2017,132885,'2024-03-14'),(81,174,59,7338220.00,2014,86584,'2024-02-18'),(82,82,100,2002800.00,2018,78647,'2024-09-11'),(83,177,55,2435000.00,2018,119270,'2024-06-15'),(84,199,20,13210865.00,2008,59235,'2024-07-21'),(85,40,34,1745000.00,2019,56140,'2024-01-28'),(86,205,24,2621500.00,2010,141402,'2024-11-23'),(87,164,15,9734000.00,2023,247574,'2024-01-19'),(88,163,94,9322000.00,2021,108824,'2024-11-26'),(89,265,7,1460000.00,2008,73763,'2024-04-19'),(90,154,36,1764000.00,2016,198413,'2024-05-24'),(91,28,93,4176900.00,2020,92642,'2024-09-14'),(92,213,15,1326000.00,2020,85158,'2024-10-09'),(93,36,97,1725000.00,2009,85932,'2024-02-23'),(94,277,34,2450000.00,2024,162419,'2024-07-08'),(95,95,72,1010900.00,2022,79869,'2024-04-26'),(96,98,58,2049000.00,2015,203303,'2024-09-28'),(97,240,7,3115000.00,2023,241204,'2024-04-01'),(98,39,68,1635000.00,2019,237975,'2024-05-01'),(99,71,36,2176000.00,2008,198510,'2024-10-04'),(100,117,13,34215000.00,2019,45254,'2024-08-09'),(101,209,83,2531200.00,2010,48968,'2024-06-24'),(102,80,43,1908700.00,2012,78179,'2024-10-27'),(103,240,47,3115000.00,2022,52099,'2024-05-22'),(104,277,34,2450000.00,2022,76504,'2024-01-15'),(105,55,47,3071747.00,2019,180615,'2024-02-13'),(106,235,30,2700000.00,2010,234641,'2024-01-23'),(107,65,39,4797000.00,2010,47584,'2024-09-06'),(108,64,78,4633000.00,2008,123294,'2024-11-20'),(109,148,34,2893200.00,2024,35019,'2024-03-15'),(110,117,63,34215000.00,2011,30443,'2024-02-04'),(111,146,97,1724900.00,2022,78823,'2024-10-11'),(112,99,89,2516500.00,2015,103739,'2024-09-01'),(113,59,65,5065295.00,2014,19676,'2024-11-23'),(114,198,42,14366780.00,2020,237514,'2024-05-08'),(115,47,51,1589900.00,2013,200019,'2024-07-18'),(116,187,83,2745000.00,2022,131456,'2024-02-16'),(117,84,66,2340100.00,2022,156237,'2024-09-01'),(118,73,5,2950000.00,2020,213978,'2024-04-17'),(119,150,79,3837195.00,2014,177531,'2024-07-26'),(120,3,90,2079000.00,2014,118285,'2024-07-23'),(121,126,34,5433538.00,2012,150831,'2024-03-12'),(122,124,78,5297016.00,2011,247544,'2024-01-15'),(123,163,19,9322000.00,2013,95174,'2024-05-07'),(124,174,86,7338220.00,2016,35272,'2024-12-25'),(125,248,62,2190000.00,2011,150891,'2024-08-01'),(126,265,65,1460000.00,2020,104135,'2024-07-26'),(127,245,97,3140000.00,2017,69896,'2024-03-03'),(128,226,89,6155000.00,2022,223795,'2024-12-24'),(129,57,57,4597673.00,2021,51642,'2024-11-01'),(130,250,97,2250000.00,2021,73231,'2024-05-20'),(131,156,87,1068000.00,2019,120936,'2024-05-08'),(132,255,79,1470000.00,2014,10090,'2024-11-08'),(133,253,76,1710000.00,2012,244433,'2024-11-10'),(134,209,77,2531200.00,2021,243206,'2024-11-07'),(135,75,76,2700000.00,2011,233824,'2024-07-02'),(136,202,5,3673000.00,2013,145781,'2024-10-28'),(137,115,97,26735000.00,2019,208134,'2024-05-09'),(138,67,74,1660000.00,2023,147009,'2024-10-14'),(139,223,12,48407150.00,2014,101491,'2024-06-11'),(140,278,79,1440000.00,2018,10446,'2024-07-10'),(141,57,50,4597673.00,2017,152582,'2024-02-20'),(142,191,25,4562030.00,2021,175160,'2024-09-11'),(143,134,12,1975000.00,2009,132895,'2024-07-17'),(144,12,66,6828183.00,2011,74383,'2024-03-13'),(145,83,42,2116800.00,2024,186026,'2024-09-11'),(146,99,23,2516500.00,2018,174593,'2024-05-15'),(147,215,84,1824000.00,2022,70403,'2024-10-06'),(148,113,18,11555000.00,2020,211223,'2024-12-18'),(149,143,55,2999900.00,2012,221918,'2024-05-27'),(150,4,67,11003409.00,2009,150425,'2024-07-10'),(151,71,79,2176000.00,2024,13541,'2024-07-14'),(152,67,21,1660000.00,2019,137913,'2024-06-02'),(153,204,68,4181800.00,2010,143523,'2024-01-23'),(154,67,57,1660000.00,2016,15739,'2024-02-28'),(155,128,76,1795000.00,2009,80343,'2024-07-01'),(156,137,25,1479000.00,2021,241508,'2024-09-07'),(157,122,4,4501301.00,2013,39067,'2024-03-13'),(158,82,86,2002800.00,2014,153364,'2024-02-22'),(159,111,92,5860000.00,2016,237668,'2024-03-03'),(160,257,83,2950000.00,2010,114723,'2024-11-16'),(161,163,70,9322000.00,2023,189397,'2024-11-05'),(162,62,33,2325000.00,2008,108691,'2024-10-23'),(163,158,76,2405500.00,2010,238826,'2024-01-20'),(164,90,62,1172900.00,2015,150586,'2024-07-28'),(165,120,35,3471537.00,2024,154166,'2024-05-20'),(166,199,30,13210865.00,2022,58866,'2024-04-15'),(167,224,70,17500000.00,2008,238742,'2024-07-23'),(168,159,77,2452000.00,2012,98129,'2024-08-13'),(169,83,96,2116800.00,2009,101882,'2024-05-16'),(170,25,88,23384900.00,2016,211738,'2024-05-04'),(171,92,44,1532000.00,2018,145423,'2024-06-25'),(172,111,10,5860000.00,2021,228744,'2024-08-28'),(173,192,70,16233237.00,2014,194418,'2024-08-13'),(174,208,36,2275500.00,2020,10887,'2024-05-19'),(175,176,97,5387110.00,2015,117086,'2024-09-21'),(176,209,37,2531200.00,2021,123122,'2024-01-21'),(177,17,65,1620000.00,2014,234778,'2024-07-20'),(178,196,96,11660579.00,2022,141607,'2024-01-09'),(179,184,7,2419000.00,2021,207589,'2024-12-18'),(180,60,46,4263944.00,2009,226524,'2024-03-22'),(181,187,50,2745000.00,2017,131231,'2024-12-13'),(182,179,36,5431810.00,2011,20941,'2024-09-02'),(183,78,50,1881938.00,2009,215257,'2024-06-07'),(184,243,27,2480000.00,2021,127657,'2024-04-03'),(185,120,20,3471537.00,2013,158528,'2024-03-24'),(186,96,64,1260000.00,2018,92370,'2024-10-01'),(187,180,38,3145446.00,2009,45031,'2024-10-28'),(188,11,96,9836087.00,2023,197512,'2024-09-17'),(189,219,4,1866203.00,2009,226448,'2024-03-07'),(190,88,68,1693900.00,2016,156017,'2024-03-27'),(191,279,26,1830000.00,2023,111800,'2024-10-10'),(192,187,24,2745000.00,2013,145579,'2024-03-02'),(193,119,51,3608058.00,2016,38800,'2024-03-11'),(194,149,64,3525105.00,2021,103753,'2024-01-08'),(195,122,50,4501301.00,2010,50454,'2024-08-03'),(196,73,93,2950000.00,2008,17876,'2024-02-05'),(197,149,21,3525105.00,2023,93431,'2024-08-14'),(198,179,60,5431810.00,2012,229604,'2024-02-05'),(199,66,30,1575000.00,2017,117630,'2024-04-28'),(200,212,50,1568000.00,2012,176350,'2024-07-10'),(201,198,25,14366780.00,2014,94257,'2024-08-18'),(202,254,91,2115000.00,2015,167390,'2024-07-01'),(203,211,29,1593000.00,2024,32284,'2024-02-06'),(204,266,93,1883000.00,2008,52698,'2024-12-06'),(205,15,70,1590000.00,2016,133188,'2024-10-17'),(206,215,65,1824000.00,2017,119620,'2024-01-25'),(207,224,72,17500000.00,2016,238517,'2024-07-13'),(208,163,65,9322000.00,2021,104916,'2024-10-02'),(209,224,61,17500000.00,2015,159977,'2024-01-27'),(210,141,30,3669900.00,2019,75932,'2024-01-11'),(211,206,9,2823700.00,2024,35656,'2024-09-22'),(212,162,89,1907000.00,2012,233216,'2024-08-10'),(213,137,26,1479000.00,2015,128850,'2024-12-25'),(214,128,95,1795000.00,2010,67466,'2024-10-11'),(215,188,50,3014000.00,2023,119880,'2024-11-12'),(216,105,53,1632000.00,2014,45125,'2024-11-21'),(217,81,83,2002800.00,2023,69700,'2024-03-27'),(218,161,26,1796000.00,2016,178888,'2024-03-05'),(219,46,66,1489900.00,2012,119093,'2024-02-01'),(220,231,11,8550000.00,2009,216762,'2024-05-26'),(221,136,75,1419000.00,2011,111966,'2024-02-09'),(222,99,50,2516500.00,2023,46814,'2024-06-12'),(223,106,70,1453500.00,2019,50398,'2024-05-08'),(224,223,70,48407150.00,2020,148831,'2024-04-18'),(225,267,67,1540000.00,2008,222800,'2024-07-04'),(226,51,25,1299900.00,2022,204546,'2024-05-24'),(227,13,77,2694797.00,2020,93356,'2024-02-14'),(228,244,45,2930000.00,2010,91008,'2024-08-03'),(229,163,48,9322000.00,2018,66283,'2024-07-15'),(230,179,24,5431810.00,2012,139412,'2024-09-11'),(231,75,44,2700000.00,2015,163220,'2024-05-19'),(232,257,62,2950000.00,2018,239467,'2024-12-11'),(233,106,17,1453500.00,2014,72073,'2024-09-24'),(234,112,56,20075000.00,2012,119026,'2024-04-19'),(235,65,50,4797000.00,2018,92501,'2024-02-17'),(236,161,44,1796000.00,2023,133820,'2024-09-06'),(237,33,21,1155000.00,2017,15605,'2024-11-13'),(238,138,8,2079900.00,2013,208463,'2024-01-07'),(239,103,51,1893500.00,2016,98618,'2024-06-15'),(240,109,93,16466000.00,2016,224353,'2024-02-04'),(241,132,60,1875000.00,2024,116641,'2024-09-08'),(242,142,78,2899900.00,2012,194012,'2024-06-01'),(243,164,80,9734000.00,2015,71303,'2024-11-28'),(244,141,4,3669900.00,2010,155733,'2024-08-17'),(245,69,75,2176000.00,2021,69134,'2024-05-12'),(246,40,13,1745000.00,2017,98227,'2024-05-08'),(247,62,70,2325000.00,2014,177443,'2024-02-14'),(248,13,48,2694797.00,2019,246725,'2024-06-25'),(249,234,42,2500000.00,2022,64264,'2024-01-09'),(250,220,76,1866203.00,2019,51572,'2024-11-17'),(251,10,92,10141982.00,2018,168031,'2024-02-28'),(252,83,77,2116800.00,2022,24608,'2024-06-14'),(253,216,10,1563000.00,2015,249192,'2024-09-24'),(254,103,50,1893500.00,2021,235231,'2024-04-04'),(255,157,48,1115000.00,2020,77281,'2024-05-26'),(256,101,16,2213000.00,2011,229928,'2024-03-23'),(257,208,83,2275500.00,2015,147492,'2024-03-02'),(258,262,69,2335400.00,2020,152402,'2024-12-14'),(259,102,14,1903000.00,2015,73546,'2024-06-16'),(260,180,71,3145446.00,2010,223354,'2024-12-09'),(261,177,73,2435000.00,2010,25090,'2024-07-25'),(262,210,55,4475700.00,2009,13810,'2024-03-24'),(263,135,66,2095000.00,2016,120026,'2024-06-20'),(264,50,65,1164900.00,2022,149686,'2024-11-27'),(265,139,1,3049900.00,2016,123295,'2024-06-09'),(266,210,61,4475700.00,2011,59456,'2024-04-06'),(267,93,98,1504000.00,2020,130864,'2024-03-16'),(268,237,18,4970000.00,2022,103087,'2024-11-24'),(269,68,31,2540000.00,2023,115157,'2024-01-16'),(270,120,79,3471537.00,2012,199461,'2024-06-12'),(271,171,16,5912230.00,2024,84302,'2024-04-03'),(272,21,16,17364400.00,2024,111540,'2024-02-15'),(273,47,92,1589900.00,2012,209186,'2024-03-12'),(274,60,36,4263944.00,2024,247630,'2024-01-01'),(275,151,43,4289000.00,2012,98862,'2024-01-20'),(276,94,66,977900.00,2010,25312,'2024-05-24'),(277,153,29,1540000.00,2017,225426,'2024-01-13'),(278,46,67,1489900.00,2011,24689,'2024-09-09'),(279,51,10,1299900.00,2023,171478,'2024-12-13'),(280,133,38,1995000.00,2023,230137,'2024-10-20'),(281,100,35,2001500.00,2013,81348,'2024-10-22'),(282,43,72,2226900.00,2014,61030,'2024-03-27'),(283,170,26,1786000.00,2010,152633,'2024-01-21'),(284,127,66,5605165.00,2024,186141,'2024-11-25'),(285,268,90,5480000.00,2014,180952,'2024-06-04'),(286,242,91,2260000.00,2022,123792,'2024-01-14'),(287,196,38,11660579.00,2009,190666,'2024-10-17'),(288,161,4,1796000.00,2011,39538,'2024-01-03'),(289,235,73,2700000.00,2016,46229,'2024-06-10'),(290,42,46,1374900.00,2013,203761,'2024-04-23'),(291,272,92,5480000.00,2014,123490,'2024-07-27'),(292,88,90,1693900.00,2011,174111,'2024-11-24'),(293,45,30,1754900.00,2022,71784,'2024-07-15'),(294,38,74,1435000.00,2017,194861,'2024-01-06'),(295,105,58,1632000.00,2011,60955,'2024-06-14'),(296,47,13,1589900.00,2008,218034,'2024-06-10'),(297,86,2,2629400.00,2009,113167,'2024-10-12'),(298,275,8,899000.00,2024,105181,'2024-12-01'),(299,27,54,5603100.00,2015,181516,'2024-01-05'),(300,213,9,1326000.00,2017,78399,'2024-05-23'),(301,160,8,2723000.00,2024,184117,'2024-03-07'),(302,214,94,1381000.00,2013,30982,'2024-10-15'),(303,156,4,1068000.00,2012,83358,'2024-04-20'),(304,232,50,9400000.00,2019,68168,'2024-12-12'),(305,212,74,1568000.00,2020,86485,'2024-07-25'),(306,27,49,5603100.00,2009,101410,'2024-01-10'),(307,189,40,1134000.00,2014,144681,'2024-04-03'),(308,24,9,23608900.00,2015,169590,'2024-04-01'),(309,49,76,1134900.00,2020,129819,'2024-04-27'),(310,11,43,9836087.00,2021,177592,'2024-08-09'),(311,230,39,7950000.00,2016,177294,'2024-08-26'),(312,237,97,4970000.00,2020,93997,'2024-03-15'),(313,190,99,1183000.00,2019,182816,'2024-07-04'),(314,180,99,3145446.00,2019,141431,'2024-04-17'),(315,132,88,1875000.00,2014,150304,'2024-03-01'),(316,207,85,5369100.00,2016,223945,'2024-01-05'),(317,24,26,23608900.00,2020,233294,'2024-08-17'),(318,132,88,1875000.00,2019,127519,'2024-08-26'),(319,243,73,2480000.00,2014,66696,'2024-06-22'),(320,151,28,4289000.00,2023,29219,'2024-03-16'),(321,242,46,2260000.00,2019,239454,'2024-08-16'),(322,75,83,2700000.00,2021,63917,'2024-05-27'),(323,174,58,7338220.00,2016,194474,'2024-10-16'),(324,149,30,3525105.00,2012,10389,'2024-11-27'),(325,168,12,1415000.00,2018,161150,'2024-11-28'),(326,66,19,1575000.00,2013,157580,'2024-01-25'),(327,115,78,26735000.00,2016,226127,'2024-09-01'),(328,15,43,1590000.00,2020,47699,'2024-05-24'),(329,130,18,1895000.00,2023,206128,'2024-03-10'),(330,87,17,2682700.00,2014,92557,'2024-11-16'),(331,24,53,23608900.00,2012,116011,'2024-05-17'),(332,274,60,1230000.00,2021,16224,'2024-09-02'),(333,147,96,1959900.00,2024,143864,'2024-04-16'),(334,222,2,38906864.00,2020,89141,'2024-03-28'),(335,86,34,2629400.00,2012,76577,'2024-01-03'),(336,270,18,2680000.00,2009,165651,'2024-06-15'),(337,185,79,2914000.00,2010,120865,'2024-10-16'),(338,117,37,34215000.00,2021,96343,'2024-09-06'),(339,183,97,2110000.00,2011,199171,'2024-04-12'),(340,34,70,1950000.00,2009,113165,'2024-05-14'),(341,155,59,1841000.00,2014,138698,'2024-08-18'),(342,187,52,2745000.00,2020,74661,'2024-12-06'),(343,8,70,18747844.00,2009,137147,'2024-07-13'),(344,215,15,1824000.00,2021,138164,'2024-06-23'),(345,145,15,2249900.00,2012,42792,'2024-07-17'),(346,147,14,1959900.00,2024,247201,'2024-05-15'),(347,211,43,1593000.00,2009,178780,'2024-10-19'),(348,99,85,2516500.00,2008,70479,'2024-01-09'),(349,168,61,1415000.00,2019,80182,'2024-10-04'),(350,241,76,3460000.00,2016,186934,'2024-04-02'),(351,68,80,2540000.00,2022,18516,'2024-02-03'),(352,116,81,16360000.00,2009,141661,'2024-09-25'),(353,136,2,1419000.00,2009,128089,'2024-02-10'),(354,139,17,3049900.00,2020,73985,'2024-03-06'),(355,77,39,2900000.00,2009,182579,'2024-12-04'),(356,248,82,2190000.00,2009,123151,'2024-05-27'),(357,263,80,3300200.00,2015,221695,'2024-06-01'),(358,18,53,2430000.00,2016,106705,'2024-04-09'),(359,246,12,1820000.00,2017,159761,'2024-01-08'),(360,207,57,5369100.00,2010,176513,'2024-07-09'),(361,172,53,5912230.00,2018,44642,'2024-10-05'),(362,104,31,1843500.00,2020,95431,'2024-09-03'),(363,242,31,2260000.00,2013,217189,'2024-08-07'),(364,183,97,2110000.00,2009,92326,'2024-04-08'),(365,33,50,1155000.00,2021,97488,'2024-04-06'),(366,220,1,1866203.00,2020,166619,'2024-05-18'),(367,123,57,5297016.00,2017,161656,'2024-12-14'),(368,40,68,1745000.00,2024,174454,'2024-11-16'),(369,226,72,6155000.00,2016,17066,'2024-12-25'),(370,265,83,1460000.00,2019,115027,'2024-11-23'),(371,207,20,5369100.00,2009,75396,'2024-04-05'),(372,274,67,1230000.00,2019,109586,'2024-11-15'),(373,152,33,2743000.00,2021,54264,'2024-03-22'),(374,131,89,2015000.00,2011,192838,'2024-08-22'),(375,38,41,1435000.00,2018,116078,'2024-10-23'),(376,9,14,11362679.00,2012,117979,'2024-06-13'),(377,68,97,2540000.00,2020,14165,'2024-12-20'),(378,51,95,1299900.00,2011,202988,'2024-07-26'),(379,92,45,1532000.00,2010,174810,'2024-12-10'),(380,250,23,2250000.00,2012,190595,'2024-11-18'),(381,187,57,2745000.00,2022,66084,'2024-06-22'),(382,72,9,3750000.00,2019,160623,'2024-10-07'),(383,3,30,2079000.00,2022,121296,'2024-04-21'),(384,192,32,16233237.00,2009,48006,'2024-02-12'),(385,204,17,4181800.00,2014,91117,'2024-10-18'),(386,23,31,17839200.00,2011,105528,'2024-10-09'),(387,189,24,1134000.00,2011,122699,'2024-01-26'),(388,103,46,1893500.00,2017,132253,'2024-12-20'),(389,26,34,24563000.00,2019,27354,'2024-01-20'),(390,155,73,1841000.00,2019,249625,'2024-06-12'),(391,272,51,5480000.00,2013,85740,'2024-04-19'),(392,185,94,2914000.00,2008,219430,'2024-03-19'),(393,58,84,4403507.00,2012,199179,'2024-04-26'),(394,23,81,17839200.00,2024,151348,'2024-10-12'),(395,107,17,1671500.00,2020,63052,'2024-05-15'),(396,128,90,1795000.00,2019,81753,'2024-05-01'),(397,6,27,13227345.00,2015,239038,'2024-09-18'),(398,136,90,1419000.00,2010,10553,'2024-02-09'),(399,103,32,1893500.00,2015,149395,'2024-01-20'),(400,147,27,1959900.00,2015,71012,'2024-08-03'),(401,230,45,7950000.00,2020,238299,'2024-12-24'),(402,202,62,3673000.00,2020,243415,'2024-12-26'),(403,155,28,1841000.00,2014,70850,'2024-10-08'),(404,270,98,2680000.00,2008,147092,'2024-08-24'),(405,1,39,1919000.00,2018,92444,'2024-03-25'),(406,233,84,13800000.00,2008,174895,'2024-04-02'),(407,59,85,5065295.00,2016,16856,'2024-07-11'),(408,222,24,38906864.00,2020,45857,'2024-09-10'),(409,101,17,2213000.00,2012,127284,'2024-10-20'),(410,241,88,3460000.00,2021,202943,'2024-12-06'),(411,164,61,9734000.00,2023,235286,'2024-09-02'),(412,119,87,3608058.00,2011,11104,'2024-12-26'),(413,156,35,1068000.00,2020,43554,'2024-04-12'),(414,246,44,1820000.00,2018,194743,'2024-08-23'),(415,105,49,1632000.00,2019,84575,'2024-08-14'),(416,269,56,4470000.00,2024,78913,'2024-09-15'),(417,156,75,1068000.00,2017,146391,'2024-01-13'),(418,69,28,2176000.00,2014,207709,'2024-07-02'),(419,109,17,16466000.00,2015,234796,'2024-03-16'),(420,124,44,5297016.00,2010,177769,'2024-09-17'),(421,17,15,1620000.00,2023,158697,'2024-09-03'),(422,108,85,19535000.00,2019,55051,'2024-08-19'),(423,127,39,5605165.00,2022,77481,'2024-05-22'),(424,246,93,1820000.00,2022,247421,'2024-06-16'),(425,147,70,1959900.00,2012,208699,'2024-12-15'),(426,147,48,1959900.00,2024,130692,'2024-06-20'),(427,75,57,2700000.00,2010,48933,'2024-11-10'),(428,274,38,1230000.00,2016,228250,'2024-01-14'),(429,102,53,1903000.00,2017,194679,'2024-09-02'),(430,271,23,1495000.00,2012,175517,'2024-03-19'),(431,172,30,5912230.00,2023,191190,'2024-09-09'),(432,38,48,1435000.00,2012,149345,'2024-06-11'),(433,127,100,5605165.00,2019,37126,'2024-09-03'),(434,279,58,1830000.00,2024,13873,'2024-09-16'),(435,154,4,1764000.00,2008,227037,'2024-09-04'),(436,16,9,1690000.00,2018,107091,'2024-11-27'),(437,138,38,2079900.00,2022,24053,'2024-07-03'),(438,63,66,2160000.00,2013,214368,'2024-08-21'),(439,148,10,2893200.00,2013,49496,'2024-08-11'),(440,212,23,1568000.00,2012,223834,'2024-01-01'),(441,146,58,1724900.00,2023,118760,'2024-04-01'),(442,33,22,1155000.00,2016,99558,'2024-05-06'),(443,79,21,1814500.00,2009,140472,'2024-07-07'),(444,126,85,5433538.00,2023,233770,'2024-11-24'),(445,259,70,4220000.00,2017,168271,'2024-06-09'),(446,203,54,1927300.00,2008,185752,'2024-02-10'),(447,240,55,3115000.00,2014,185909,'2024-09-08'),(448,255,4,1470000.00,2015,40586,'2024-09-06'),(449,37,61,1375000.00,2012,13559,'2024-11-20'),(450,119,71,3608058.00,2020,243561,'2024-01-03'),(451,56,10,4483313.00,2023,214928,'2024-03-17'),(452,242,87,2260000.00,2010,185633,'2024-10-06'),(453,18,64,2430000.00,2014,38236,'2024-06-15'),(454,167,17,1391000.00,2016,50016,'2024-12-25'),(455,76,50,2800000.00,2022,113663,'2024-03-03'),(456,104,66,1843500.00,2024,203928,'2024-08-19'),(457,196,76,11660579.00,2012,121039,'2024-01-22'),(458,206,41,2823700.00,2017,210600,'2024-12-04'),(459,241,19,3460000.00,2022,173167,'2024-08-04'),(460,53,58,4583395.00,2022,28250,'2024-04-28'),(461,229,33,7550000.00,2009,164319,'2024-09-02'),(462,181,77,1295000.00,2014,173365,'2024-12-06'),(463,11,67,9836087.00,2009,224326,'2024-08-12'),(464,206,72,2823700.00,2018,163976,'2024-11-06'),(465,101,29,2213000.00,2019,121597,'2024-04-01'),(466,214,1,1381000.00,2016,112292,'2024-03-17'),(467,88,19,1693900.00,2021,89768,'2024-08-14'),(468,261,15,1925000.00,2023,199741,'2024-01-19'),(469,229,51,7550000.00,2009,55467,'2024-07-22'),(470,4,100,11003409.00,2024,236857,'2024-12-03'),(471,86,90,2629400.00,2023,112205,'2024-10-16'),(472,278,3,1440000.00,2024,94102,'2024-03-05'),(473,225,79,7300000.00,2023,202616,'2024-03-16'),(474,151,19,4289000.00,2017,176933,'2024-11-21'),(475,170,66,1786000.00,2023,10835,'2024-10-17'),(476,79,26,1814500.00,2024,246300,'2024-06-18'),(477,79,13,1814500.00,2014,216467,'2024-05-09'),(478,134,17,1975000.00,2015,231005,'2024-11-10'),(479,241,42,3460000.00,2016,196870,'2024-02-11'),(480,16,19,1690000.00,2014,107695,'2024-05-19'),(481,5,39,11238801.00,2021,211808,'2024-03-19'),(482,85,89,2505100.00,2024,77479,'2024-12-18'),(483,142,2,2899900.00,2020,130624,'2024-02-18'),(484,61,40,5282806.00,2021,84537,'2024-03-28'),(485,15,36,1590000.00,2008,60110,'2024-07-10'),(486,1,29,1919000.00,2017,96540,'2024-01-28'),(487,271,36,1495000.00,2021,160694,'2024-05-06'),(488,182,66,1918500.00,2019,70314,'2024-02-16'),(489,114,59,11630000.00,2009,36410,'2024-02-22'),(490,172,82,5912230.00,2017,193681,'2024-01-16'),(491,217,18,3209741.00,2019,159482,'2024-11-15'),(492,104,15,1843500.00,2024,48144,'2024-03-15'),(493,87,61,2682700.00,2024,77847,'2024-03-09'),(494,201,9,3364800.00,2013,236927,'2024-06-16'),(495,68,32,2540000.00,2018,97730,'2024-10-20'),(496,178,58,5799880.00,2016,195610,'2024-08-07'),(497,56,42,4483313.00,2008,239223,'2024-02-17'),(498,9,32,11362679.00,2010,65132,'2024-05-01'),(499,245,46,3140000.00,2019,81635,'2024-02-03'),(500,219,96,1866203.00,2013,84986,'2024-09-02'),(501,33,95,1155000.00,2012,43403,'2024-09-06'),(502,56,5,4483313.00,2022,112591,'2024-12-11'),(503,180,51,3145446.00,2016,243342,'2024-06-09'),(504,72,53,3750000.00,2016,168060,'2024-01-28'),(505,85,31,2505100.00,2011,102566,'2024-10-10'),(506,185,46,2914000.00,2011,70299,'2024-05-13'),(507,18,13,2430000.00,2012,171314,'2024-09-13'),(508,188,63,3014000.00,2019,75139,'2024-02-02'),(509,172,55,5912230.00,2016,32808,'2024-08-26'),(510,158,10,2405500.00,2013,48291,'2024-04-07'),(511,100,33,2001500.00,2014,243634,'2024-12-25'),(512,27,38,5603100.00,2008,104811,'2024-06-14'),(513,11,69,9836087.00,2019,104700,'2024-01-07'),(514,15,24,1590000.00,2018,129652,'2024-06-23'),(515,280,99,1680000.00,2020,221686,'2024-10-09'),(516,201,28,3364800.00,2015,63977,'2024-09-08'),(517,99,57,2516500.00,2014,69621,'2024-04-20'),(518,65,5,4797000.00,2010,109526,'2024-11-05'),(519,3,82,2079000.00,2024,115190,'2024-08-07'),(520,210,16,4475700.00,2008,130643,'2024-07-08'),(521,82,79,2002800.00,2010,241563,'2024-06-17'),(522,205,99,2621500.00,2014,148350,'2024-09-26'),(523,82,27,2002800.00,2020,41057,'2024-06-04'),(524,46,94,1489900.00,2015,80260,'2024-03-08'),(525,253,61,1710000.00,2017,244079,'2024-09-26'),(526,5,59,11238801.00,2013,226691,'2024-06-08'),(527,173,63,7028830.00,2021,193514,'2024-07-20'),(528,130,98,1895000.00,2014,40921,'2024-12-04'),(529,213,7,1326000.00,2020,114966,'2024-12-25'),(530,233,40,13800000.00,2009,78884,'2024-03-03'),(531,278,43,1440000.00,2021,203876,'2024-01-22'),(532,179,5,5431810.00,2016,73699,'2024-08-08'),(533,198,3,14366780.00,2019,178246,'2024-02-01'),(534,8,23,18747844.00,2009,13225,'2024-02-16'),(535,14,94,2180000.00,2014,48291,'2024-07-20'),(536,107,98,1671500.00,2021,69610,'2024-07-25'),(537,182,13,1918500.00,2023,34654,'2024-07-21'),(538,169,5,1631000.00,2024,32481,'2024-10-14'),(539,256,98,1925000.00,2021,202097,'2024-02-17'),(540,38,79,1435000.00,2016,22936,'2024-01-02'),(541,239,16,4340000.00,2021,197499,'2024-04-20'),(542,251,41,2290000.00,2023,233617,'2024-12-16'),(543,51,11,1299900.00,2015,63500,'2024-04-03'),(544,127,56,5605165.00,2008,237638,'2024-07-12'),(545,73,30,2950000.00,2017,37276,'2024-07-08'),(546,188,35,3014000.00,2019,179349,'2024-12-22'),(547,165,1,1707000.00,2009,193910,'2024-07-19'),(548,139,16,3049900.00,2023,248091,'2024-06-04'),(549,26,28,24563000.00,2009,166820,'2024-08-08'),(550,140,8,3569900.00,2016,225551,'2024-01-14'),(551,279,63,1830000.00,2018,103638,'2024-09-16'),(552,72,8,3750000.00,2009,90202,'2024-02-24'),(553,92,84,1532000.00,2015,247003,'2024-02-25'),(554,263,94,3300200.00,2021,140793,'2024-10-11'),(555,26,54,24563000.00,2017,166007,'2024-02-19'),(556,200,67,6108612.00,2012,220410,'2024-01-08'),(557,105,5,1632000.00,2017,147173,'2024-08-17'),(558,116,20,16360000.00,2017,221403,'2024-07-17'),(559,262,73,2335400.00,2016,58766,'2024-11-07'),(560,243,51,2480000.00,2018,29513,'2024-11-03'),(561,218,22,3473990.00,2020,30206,'2024-06-04'),(562,262,28,2335400.00,2021,243437,'2024-03-10'),(563,26,8,24563000.00,2017,39292,'2024-08-02'),(564,118,56,6045936.00,2009,145965,'2024-12-22'),(565,164,20,9734000.00,2019,68369,'2024-06-10'),(566,168,86,1415000.00,2008,97520,'2024-04-15'),(567,164,69,9734000.00,2021,43031,'2024-05-05'),(568,233,38,13800000.00,2015,81585,'2024-02-02'),(569,182,48,1918500.00,2009,67019,'2024-12-25'),(570,64,61,4633000.00,2011,33324,'2024-04-18'),(571,227,35,6850000.00,2018,91520,'2024-11-19'),(572,187,83,2745000.00,2010,77011,'2024-12-10'),(573,141,80,3669900.00,2011,81288,'2024-02-08'),(574,237,67,4970000.00,2020,60467,'2024-12-14'),(575,259,8,4220000.00,2009,88948,'2024-04-01'),(576,1,100,1919000.00,2023,214754,'2024-11-03'),(577,38,75,1435000.00,2019,50115,'2024-09-03'),(578,198,91,14366780.00,2016,219471,'2024-12-03'),(579,32,43,2050000.00,2022,232255,'2024-08-24'),(580,241,97,3460000.00,2017,111634,'2024-09-16'),(581,210,30,4475700.00,2024,127189,'2024-11-26'),(582,33,65,1155000.00,2024,190318,'2024-04-23'),(583,119,11,3608058.00,2015,82025,'2024-11-02'),(584,161,30,1796000.00,2016,189663,'2024-07-25'),(585,199,62,13210865.00,2024,231909,'2024-03-20'),(586,84,69,2340100.00,2021,25475,'2024-03-15'),(587,122,64,4501301.00,2020,217589,'2024-05-12'),(588,153,3,1540000.00,2023,212940,'2024-06-23'),(589,252,60,2500000.00,2015,150178,'2024-09-21'),(590,231,36,8550000.00,2019,62698,'2024-10-07'),(591,275,14,899000.00,2023,141553,'2024-09-25'),(592,233,42,13800000.00,2016,144618,'2024-12-12'),(593,19,31,1940000.00,2015,233702,'2024-09-01'),(594,104,76,1843500.00,2019,82670,'2024-01-27'),(595,229,47,7550000.00,2016,137730,'2024-10-27'),(596,10,51,10141982.00,2012,133472,'2024-05-10'),(597,184,4,2419000.00,2014,100586,'2024-04-26'),(598,203,55,1927300.00,2024,151073,'2024-04-08'),(599,145,39,2249900.00,2012,182669,'2024-07-10'),(600,101,73,2213000.00,2024,242912,'2024-03-28'),(601,266,15,1883000.00,2012,214082,'2024-12-04'),(602,105,24,1632000.00,2023,224588,'2024-08-28'),(603,79,13,1814500.00,2010,166805,'2024-02-12'),(604,193,66,19035719.00,2016,42423,'2024-12-27'),(605,231,42,8550000.00,2023,160827,'2024-07-25'),(606,30,9,4830400.00,2011,89705,'2024-09-18'),(607,61,68,5282806.00,2024,215919,'2024-05-02'),(608,55,47,3071747.00,2017,27498,'2024-05-19'),(609,238,33,2540000.00,2013,61533,'2024-01-04'),(610,271,20,1495000.00,2020,161067,'2024-06-12'),(611,229,93,7550000.00,2023,28460,'2024-05-20'),(612,185,22,2914000.00,2008,108528,'2024-10-21'),(613,210,39,4475700.00,2016,238196,'2024-02-13'),(614,62,64,2325000.00,2016,30770,'2024-06-09'),(615,34,35,1950000.00,2011,165301,'2024-09-23'),(616,254,43,2115000.00,2019,233681,'2024-09-03'),(617,13,32,2694797.00,2011,182530,'2024-07-07'),(618,175,35,7338220.00,2018,143841,'2024-11-11'),(619,159,32,2452000.00,2024,155705,'2024-08-26'),(620,163,8,9322000.00,2015,194513,'2024-07-13'),(621,8,92,18747844.00,2018,72501,'2024-06-28'),(622,29,32,4523900.00,2017,147775,'2024-06-03'),(623,102,89,1903000.00,2015,40970,'2024-09-06'),(624,207,16,5369100.00,2019,201013,'2024-02-25'),(625,248,27,2190000.00,2023,68889,'2024-01-04'),(626,89,47,1925000.00,2023,41089,'2024-06-26'),(627,229,10,7550000.00,2017,92707,'2024-05-22'),(628,123,93,5297016.00,2010,23950,'2024-11-05'),(629,139,49,3049900.00,2017,246450,'2024-09-02'),(630,106,4,1453500.00,2022,234028,'2024-07-24'),(631,223,100,48407150.00,2018,24418,'2024-11-11'),(632,204,18,4181800.00,2016,184177,'2024-11-16'),(633,224,1,17500000.00,2008,153105,'2024-04-18'),(634,273,73,1160000.00,2020,160564,'2024-06-17'),(635,210,11,4475700.00,2018,166384,'2024-11-10'),(636,47,50,1589900.00,2012,162344,'2024-11-08'),(637,225,67,7300000.00,2015,17533,'2024-08-07'),(638,274,76,1230000.00,2024,13102,'2024-04-05'),(639,215,70,1824000.00,2014,227317,'2024-09-23'),(640,191,45,4562030.00,2014,132828,'2024-10-14'),(641,191,41,4562030.00,2014,189144,'2024-06-03'),(642,128,58,1795000.00,2011,50241,'2024-04-13'),(643,231,42,8550000.00,2012,170863,'2024-01-01'),(644,51,49,1299900.00,2018,193786,'2024-04-05'),(645,49,13,1134900.00,2017,222003,'2024-09-08'),(646,261,86,1925000.00,2017,10007,'2024-06-18'),(647,276,53,2299000.00,2024,58484,'2024-05-26'),(648,84,4,2340100.00,2021,131998,'2024-04-13'),(649,213,92,1326000.00,2021,24655,'2024-02-15'),(650,40,61,1745000.00,2018,157338,'2024-08-06'),(651,271,35,1495000.00,2022,96810,'2024-05-22'),(652,244,14,2930000.00,2020,78910,'2024-03-15'),(653,214,38,1381000.00,2019,234270,'2024-06-05'),(654,217,91,3209741.00,2018,11326,'2024-05-20'),(655,27,28,5603100.00,2023,131021,'2024-11-23'),(656,121,36,7333142.00,2017,113273,'2024-08-22'),(657,203,8,1927300.00,2010,117846,'2024-02-21'),(658,131,29,2015000.00,2011,28642,'2024-09-12'),(659,274,92,1230000.00,2012,17733,'2024-12-28'),(660,229,99,7550000.00,2023,96148,'2024-06-27'),(661,105,100,1632000.00,2008,39799,'2024-12-18'),(662,89,94,1925000.00,2021,126390,'2024-07-14'),(663,228,27,7450000.00,2014,179456,'2024-09-13'),(664,189,55,1134000.00,2012,74684,'2024-02-08'),(665,12,91,6828183.00,2011,96376,'2024-07-12'),(666,170,19,1786000.00,2024,107176,'2024-03-23'),(667,212,40,1568000.00,2008,198993,'2024-09-23'),(668,142,44,2899900.00,2022,59904,'2024-09-06'),(669,261,90,1925000.00,2011,169408,'2024-03-20'),(670,54,48,3662845.00,2011,74214,'2024-11-22'),(671,200,70,6108612.00,2008,154242,'2024-04-27'),(672,229,2,7550000.00,2017,87190,'2024-05-08'),(673,86,29,2629400.00,2023,149971,'2024-02-14'),(674,116,9,16360000.00,2008,137493,'2024-10-26'),(675,253,14,1710000.00,2015,154532,'2024-11-17'),(676,127,85,5605165.00,2019,187870,'2024-08-13'),(677,99,86,2516500.00,2015,55062,'2024-01-23'),(678,85,94,2505100.00,2011,228890,'2024-05-18'),(679,119,9,3608058.00,2023,172068,'2024-01-15'),(680,212,33,1568000.00,2022,69002,'2024-11-22'),(681,212,68,1568000.00,2019,232701,'2024-12-03'),(682,68,72,2540000.00,2008,100640,'2024-08-28'),(683,173,35,7028830.00,2008,134333,'2024-06-11'),(684,88,89,1693900.00,2008,121800,'2024-06-23'),(685,44,20,2296900.00,2022,113413,'2024-09-06'),(686,239,94,4340000.00,2020,100378,'2024-12-17'),(687,32,30,2050000.00,2021,131646,'2024-05-06'),(688,265,21,1460000.00,2012,74782,'2024-04-23'),(689,121,94,7333142.00,2013,159163,'2024-02-07'),(690,196,16,11660579.00,2021,236463,'2024-05-07'),(691,139,44,3049900.00,2018,161038,'2024-09-22'),(692,258,22,3750000.00,2019,45164,'2024-01-28'),(693,88,1,1693900.00,2011,39725,'2024-11-19'),(694,79,97,1814500.00,2014,155126,'2024-09-04'),(695,259,92,4220000.00,2016,30177,'2024-06-14'),(696,211,68,1593000.00,2011,126523,'2024-08-09'),(697,124,87,5297016.00,2008,48546,'2024-08-09'),(698,101,39,2213000.00,2020,236709,'2024-08-14'),(699,70,35,2333000.00,2012,169376,'2024-10-12'),(700,126,68,5433538.00,2022,153454,'2024-08-19'),(701,221,87,3465581.00,2012,19861,'2024-11-02'),(702,1,55,1919000.00,2009,76555,'2024-03-06'),(703,62,26,2325000.00,2023,82313,'2024-12-14'),(704,15,34,1590000.00,2008,124175,'2024-11-09'),(705,144,85,1849900.00,2023,162765,'2024-06-07'),(706,73,33,2950000.00,2024,176301,'2024-02-02'),(707,44,73,2296900.00,2021,182208,'2024-11-18'),(708,20,24,1985000.00,2020,68021,'2024-03-19'),(709,166,91,1920000.00,2019,184138,'2024-09-24'),(710,109,30,16466000.00,2022,171938,'2024-12-25'),(711,57,27,4597673.00,2015,74067,'2024-07-08'),(712,276,32,2299000.00,2017,210679,'2024-09-14'),(713,101,65,2213000.00,2017,122746,'2024-05-06'),(714,75,15,2700000.00,2018,124980,'2024-05-25'),(715,95,64,1010900.00,2019,98520,'2024-02-08'),(716,161,30,1796000.00,2012,240830,'2024-06-18'),(717,194,12,12386352.00,2020,157928,'2024-07-18'),(718,174,91,7338220.00,2018,213542,'2024-07-20'),(719,253,59,1710000.00,2010,66281,'2024-09-06'),(720,220,63,1866203.00,2008,249527,'2024-05-13'),(721,153,38,1540000.00,2024,172014,'2024-12-20'),(722,259,2,4220000.00,2021,118662,'2024-04-16'),(723,238,57,2540000.00,2020,173955,'2024-11-03'),(724,273,69,1160000.00,2017,80713,'2024-01-26'),(725,252,50,2500000.00,2023,46932,'2024-09-06'),(726,18,47,2430000.00,2016,80319,'2024-02-02'),(727,40,70,1745000.00,2019,224456,'2024-04-26'),(728,142,53,2899900.00,2009,174958,'2024-03-04'),(729,44,99,2296900.00,2009,210375,'2024-06-01'),(730,165,66,1707000.00,2016,182754,'2024-01-02'),(731,63,20,2160000.00,2008,72388,'2024-12-22'),(732,89,58,1925000.00,2016,122059,'2024-03-18'),(733,221,96,3465581.00,2016,184110,'2024-12-17'),(734,146,71,1724900.00,2013,66138,'2024-04-11'),(735,123,28,5297016.00,2011,121082,'2024-04-21'),(736,87,84,2682700.00,2021,127281,'2024-04-15'),(737,233,52,13800000.00,2016,195653,'2024-02-21'),(738,79,58,1814500.00,2022,103779,'2024-06-22'),(739,15,53,1590000.00,2021,19697,'2024-04-04'),(740,217,56,3209741.00,2009,122138,'2024-10-27'),(741,253,21,1710000.00,2020,167186,'2024-12-02'),(742,180,83,3145446.00,2021,184546,'2024-04-18'),(743,209,70,2531200.00,2023,156253,'2024-02-24'),(744,212,38,1568000.00,2022,180043,'2024-09-07'),(745,262,80,2335400.00,2020,207873,'2024-04-12'),(746,64,42,4633000.00,2015,191560,'2024-05-04'),(747,99,89,2516500.00,2015,193559,'2024-04-18'),(748,162,44,1907000.00,2015,192497,'2024-07-27'),(749,163,91,9322000.00,2021,99239,'2024-04-20'),(750,220,20,1866203.00,2008,18133,'2024-03-02'),(751,214,95,1381000.00,2017,135652,'2024-09-20'),(752,61,54,5282806.00,2018,215695,'2024-05-02'),(753,221,36,3465581.00,2016,84099,'2024-06-01'),(754,276,11,2299000.00,2024,79646,'2024-08-07'),(755,85,70,2505100.00,2014,79970,'2024-11-06'),(756,37,26,1375000.00,2016,172344,'2024-06-08'),(757,152,25,2743000.00,2014,97644,'2024-07-21'),(758,188,10,3014000.00,2024,136177,'2024-11-16'),(759,258,94,3750000.00,2021,167734,'2024-11-06'),(760,74,53,2600000.00,2015,78174,'2024-10-24'),(761,123,19,5297016.00,2015,170375,'2024-09-19'),(762,90,58,1172900.00,2023,183400,'2024-02-10'),(763,126,94,5433538.00,2008,175220,'2024-05-01'),(764,63,22,2160000.00,2018,36436,'2024-03-05'),(765,130,90,1895000.00,2015,55512,'2024-02-16'),(766,168,88,1415000.00,2023,150628,'2024-03-18'),(767,229,72,7550000.00,2020,123559,'2024-05-04'),(768,42,29,1374900.00,2015,52684,'2024-03-04'),(769,80,23,1908700.00,2011,69980,'2024-04-01'),(770,180,62,3145446.00,2009,178224,'2024-06-20'),(771,56,61,4483313.00,2008,29038,'2024-09-25'),(772,90,66,1172900.00,2009,11448,'2024-11-22'),(773,251,69,2290000.00,2023,182663,'2024-09-07'),(774,153,88,1540000.00,2008,100532,'2024-01-22'),(775,203,19,1927300.00,2020,73355,'2024-09-19'),(776,60,65,4263944.00,2016,107731,'2024-02-01'),(777,45,61,1754900.00,2020,44050,'2024-03-15'),(778,91,12,1463000.00,2012,147567,'2024-10-25'),(779,11,6,9836087.00,2022,27609,'2024-07-01'),(780,73,87,2950000.00,2012,184781,'2024-12-23'),(781,13,67,2694797.00,2016,42145,'2024-10-06'),(782,100,57,2001500.00,2009,138558,'2024-11-23'),(783,249,38,2190000.00,2015,133742,'2024-09-26'),(784,263,48,3300200.00,2009,14803,'2024-01-04'),(785,215,98,1824000.00,2023,238118,'2024-07-24'),(786,149,55,3525105.00,2018,172876,'2024-06-01'),(787,147,25,1959900.00,2013,211359,'2024-07-13'),(788,121,22,7333142.00,2014,137612,'2024-09-22'),(789,81,72,2002800.00,2012,246704,'2024-08-09'),(790,216,41,1563000.00,2013,78529,'2024-08-16'),(791,121,65,7333142.00,2018,83468,'2024-03-11'),(792,199,56,13210865.00,2024,190721,'2024-08-22'),(793,117,27,34215000.00,2024,220820,'2024-01-15'),(794,228,10,7450000.00,2014,65342,'2024-02-22'),(795,212,70,1568000.00,2012,37725,'2024-03-19'),(796,233,2,13800000.00,2011,17200,'2024-11-09'),(797,52,11,6586063.00,2019,229515,'2024-04-28'),(798,119,52,3608058.00,2012,37629,'2024-02-04'),(799,138,35,2079900.00,2020,111614,'2024-06-05'),(800,275,34,899000.00,2017,188744,'2024-05-21'),(801,273,24,1160000.00,2008,174599,'2024-05-15'),(802,33,14,1155000.00,2010,174831,'2024-12-19'),(803,67,39,1660000.00,2019,101830,'2024-04-06'),(804,269,29,4470000.00,2023,55812,'2024-05-04'),(805,77,68,2900000.00,2009,226223,'2024-06-19'),(806,65,94,4797000.00,2019,213313,'2024-12-23'),(807,245,64,3140000.00,2023,36230,'2024-08-11'),(808,38,90,1435000.00,2012,169760,'2024-08-26'),(809,195,80,13448162.00,2012,190491,'2024-10-22'),(810,120,74,3471537.00,2019,23401,'2024-03-15'),(811,93,5,1504000.00,2010,249986,'2024-09-13'),(812,269,23,4470000.00,2019,107931,'2024-06-25'),(813,130,6,1895000.00,2021,242344,'2024-11-23'),(814,147,82,1959900.00,2022,231781,'2024-12-03'),(815,169,48,1631000.00,2013,236206,'2024-05-27'),(816,264,57,4256900.00,2018,38581,'2024-10-19'),(817,37,12,1375000.00,2008,120782,'2024-04-17'),(818,216,69,1563000.00,2016,47613,'2024-05-17'),(819,32,24,2050000.00,2023,153946,'2024-05-17'),(820,261,43,1925000.00,2010,197242,'2024-11-26'),(821,46,71,1489900.00,2009,111075,'2024-03-16'),(822,227,99,6850000.00,2018,224051,'2024-04-04'),(823,136,26,1419000.00,2011,45832,'2024-01-18'),(824,100,28,2001500.00,2012,62559,'2024-02-22'),(825,68,13,2540000.00,2013,37786,'2024-10-20'),(826,29,23,4523900.00,2012,179647,'2024-03-14'),(827,272,70,5480000.00,2021,133860,'2024-01-16'),(828,166,51,1920000.00,2012,86963,'2024-06-15'),(829,46,11,1489900.00,2017,20364,'2024-06-01'),(830,105,86,1632000.00,2015,61268,'2024-08-23'),(831,4,6,11003409.00,2022,28552,'2024-04-15'),(832,30,39,4830400.00,2018,192977,'2024-07-02'),(833,4,49,11003409.00,2011,10359,'2024-01-25'),(834,186,85,2420000.00,2022,77002,'2024-11-13'),(835,12,2,6828183.00,2017,159184,'2024-01-01'),(836,253,27,1710000.00,2008,246112,'2024-11-06'),(837,224,97,17500000.00,2009,61478,'2024-01-07'),(838,181,71,1295000.00,2009,169907,'2024-09-19'),(839,180,68,3145446.00,2014,196680,'2024-10-28'),(840,201,12,3364800.00,2009,242186,'2024-02-18'),(841,221,82,3465581.00,2019,216005,'2024-01-17'),(842,179,67,5431810.00,2014,221670,'2024-08-23'),(843,192,19,16233237.00,2011,204954,'2024-09-12'),(844,242,24,2260000.00,2019,160905,'2024-09-17'),(845,174,26,7338220.00,2021,127703,'2024-07-27'),(846,186,60,2420000.00,2021,42781,'2024-05-08'),(847,260,71,1365000.00,2016,76876,'2024-12-03'),(848,70,73,2333000.00,2008,230787,'2024-08-18'),(849,15,53,1590000.00,2011,87493,'2024-01-03'),(850,252,46,2500000.00,2008,15576,'2024-08-08'),(851,39,93,1635000.00,2012,27661,'2024-09-04'),(852,181,53,1295000.00,2023,164293,'2024-04-01'),(853,223,87,48407150.00,2010,44025,'2024-01-21'),(854,185,65,2914000.00,2013,183892,'2024-08-20'),(855,152,69,2743000.00,2023,223023,'2024-03-24'),(856,167,3,1391000.00,2022,188137,'2024-02-08'),(857,205,24,2621500.00,2024,243593,'2024-06-01'),(858,249,58,2190000.00,2011,108790,'2024-02-24'),(859,165,4,1707000.00,2024,240154,'2024-11-08'),(860,101,47,2213000.00,2017,172689,'2024-11-26'),(861,274,88,1230000.00,2019,108169,'2024-10-19'),(862,65,39,4797000.00,2017,26429,'2024-06-05'),(863,232,88,9400000.00,2018,225840,'2024-06-14'),(864,115,11,26735000.00,2011,240920,'2024-05-24'),(865,5,28,11238801.00,2016,134245,'2024-04-10'),(866,238,39,2540000.00,2013,110923,'2024-02-08'),(867,163,62,9322000.00,2009,199115,'2024-12-16'),(868,91,92,1463000.00,2018,15942,'2024-11-04'),(869,147,53,1959900.00,2018,53187,'2024-05-23'),(870,246,3,1820000.00,2010,36883,'2024-01-16'),(871,11,50,9836087.00,2023,35915,'2024-10-09'),(872,171,93,5912230.00,2024,219041,'2024-12-01'),(873,263,97,3300200.00,2015,196853,'2024-10-02'),(874,251,3,2290000.00,2014,18503,'2024-03-12'),(875,173,53,7028830.00,2023,35231,'2024-05-24'),(876,161,33,1796000.00,2017,112948,'2024-09-19'),(877,26,21,24563000.00,2009,141383,'2024-08-24'),(878,219,8,1866203.00,2009,74606,'2024-11-18'),(879,274,54,1230000.00,2008,241492,'2024-08-22'),(880,266,37,1883000.00,2021,69473,'2024-03-11'),(881,28,72,4176900.00,2017,229750,'2024-07-13'),(882,244,93,2930000.00,2008,64979,'2024-09-04'),(883,143,37,2999900.00,2010,216426,'2024-03-18'),(884,83,89,2116800.00,2011,191912,'2024-01-13'),(885,152,93,2743000.00,2008,133604,'2024-01-27'),(886,18,73,2430000.00,2019,206379,'2024-03-09'),(887,13,27,2694797.00,2014,115202,'2024-08-28'),(888,233,81,13800000.00,2024,245681,'2024-03-03'),(889,204,70,4181800.00,2010,111162,'2024-09-27'),(890,254,38,2115000.00,2008,228735,'2024-08-10'),(891,148,19,2893200.00,2020,170628,'2024-01-06'),(892,170,36,1786000.00,2008,188356,'2024-06-09'),(893,257,10,2950000.00,2010,166593,'2024-01-18'),(894,91,86,1463000.00,2018,41649,'2024-01-12'),(895,269,77,4470000.00,2010,228678,'2024-02-21'),(896,171,19,5912230.00,2012,154776,'2024-05-12'),(897,108,21,19535000.00,2008,198149,'2024-07-08'),(898,40,54,1745000.00,2020,176089,'2024-11-04'),(899,222,94,38906864.00,2020,110552,'2024-01-09'),(900,135,79,2095000.00,2017,141201,'2024-08-11'),(901,156,68,1068000.00,2009,62087,'2024-02-10'),(902,169,72,1631000.00,2010,81042,'2024-03-27'),(903,87,3,2682700.00,2022,170423,'2024-02-03'),(904,194,71,12386352.00,2017,137245,'2024-06-17'),(905,47,50,1589900.00,2018,139808,'2024-10-12'),(906,49,52,1134900.00,2021,245831,'2024-07-06'),(907,109,97,16466000.00,2016,233405,'2024-05-10'),(908,138,17,2079900.00,2023,13876,'2024-11-05'),(909,76,37,2800000.00,2018,197804,'2024-04-14'),(910,42,93,1374900.00,2022,18372,'2024-10-26'),(911,217,23,3209741.00,2023,56651,'2024-02-08'),(912,280,82,1680000.00,2008,189736,'2024-12-01'),(913,67,60,1660000.00,2024,107133,'2024-08-21'),(914,219,61,1866203.00,2023,142229,'2024-05-04'),(915,2,45,1859000.00,2023,84791,'2024-09-28'),(916,148,94,2893200.00,2024,212794,'2024-07-23'),(917,216,15,1563000.00,2019,163503,'2024-02-17'),(918,280,10,1680000.00,2013,133383,'2024-06-01'),(919,40,2,1745000.00,2017,224171,'2024-02-05'),(920,233,11,13800000.00,2021,150964,'2024-07-13'),(921,71,35,2176000.00,2024,242447,'2024-10-18'),(922,220,92,1866203.00,2018,180221,'2024-12-13'),(923,246,23,1820000.00,2024,230336,'2024-05-25'),(924,176,87,5387110.00,2020,188384,'2024-01-06'),(925,129,64,1915000.00,2009,170258,'2024-09-08'),(926,227,100,6850000.00,2008,116269,'2024-01-22'),(927,239,4,4340000.00,2014,120010,'2024-05-17'),(928,89,78,1925000.00,2022,46736,'2024-12-12'),(929,159,67,2452000.00,2015,37248,'2024-09-12'),(930,47,40,1589900.00,2021,34596,'2024-08-27'),(931,257,64,2950000.00,2024,214192,'2024-07-03'),(932,60,94,4263944.00,2017,111660,'2024-08-21'),(933,223,9,48407150.00,2015,92003,'2024-09-05'),(934,22,50,18032800.00,2012,244909,'2024-10-17'),(935,264,8,4256900.00,2009,28983,'2024-11-01'),(936,2,13,1859000.00,2024,46569,'2024-02-01'),(937,130,22,1895000.00,2009,174947,'2024-08-25'),(938,122,16,4501301.00,2019,227146,'2024-08-14'),(939,263,9,3300200.00,2019,196719,'2024-09-25'),(940,166,63,1920000.00,2022,174376,'2024-10-09'),(941,66,21,1575000.00,2021,211698,'2024-05-27'),(942,171,79,5912230.00,2019,120493,'2024-06-22'),(943,143,34,2999900.00,2012,121177,'2024-11-15'),(944,53,51,4583395.00,2014,228536,'2024-08-12'),(945,181,27,1295000.00,2024,29052,'2024-01-28'),(946,117,97,34215000.00,2024,30875,'2024-02-05'),(947,214,82,1381000.00,2014,105335,'2024-05-08'),(948,121,94,7333142.00,2008,190227,'2024-07-25'),(949,244,80,2930000.00,2023,210458,'2024-08-06'),(950,113,49,11555000.00,2022,76024,'2024-12-28'),(951,191,56,4562030.00,2008,76829,'2024-08-06'),(952,221,75,3465581.00,2012,127038,'2024-12-21'),(953,201,86,3364800.00,2017,20208,'2024-10-04'),(954,262,38,2335400.00,2014,30418,'2024-08-28'),(955,91,40,1463000.00,2015,70086,'2024-11-14'),(956,148,98,2893200.00,2020,166572,'2024-12-04'),(957,207,49,5369100.00,2014,193812,'2024-02-19'),(958,80,91,1908700.00,2012,81931,'2024-05-22'),(959,142,59,2899900.00,2020,36872,'2024-02-04'),(960,120,39,3471537.00,2015,131423,'2024-03-19'),(961,206,50,2823700.00,2022,207785,'2024-10-28'),(962,21,98,17364400.00,2013,234948,'2024-08-02'),(963,29,100,4523900.00,2021,130272,'2024-12-23'),(964,144,38,1849900.00,2011,25951,'2024-09-03'),(965,184,53,2419000.00,2017,12529,'2024-12-21'),(966,212,27,1568000.00,2012,229441,'2024-04-14'),(967,57,68,4597673.00,2009,222724,'2024-08-07'),(968,113,28,11555000.00,2019,240620,'2024-02-12'),(969,147,15,1959900.00,2013,178050,'2024-02-09'),(970,262,85,2335400.00,2012,249450,'2024-06-08'),(971,231,83,8550000.00,2015,38081,'2024-01-08'),(972,167,48,1391000.00,2022,227065,'2024-12-25'),(973,124,53,5297016.00,2016,14135,'2024-07-16'),(974,130,85,1895000.00,2020,92278,'2024-07-03'),(975,199,64,13210865.00,2019,80802,'2024-03-20'),(976,62,61,2325000.00,2021,42140,'2024-04-12'),(977,158,24,2405500.00,2024,226029,'2024-02-23'),(978,146,47,1724900.00,2010,213744,'2024-09-17'),(979,116,35,16360000.00,2014,31078,'2024-07-01'),(980,224,63,17500000.00,2008,47415,'2024-04-19'),(981,128,12,1795000.00,2020,103557,'2024-01-28'),(982,3,32,2079000.00,2010,71574,'2024-03-10'),(983,96,33,1260000.00,2009,224431,'2024-07-03'),(984,20,67,1985000.00,2008,117205,'2024-12-21'),(985,10,72,10141982.00,2008,78337,'2024-10-20'),(986,273,15,1160000.00,2012,25911,'2024-02-17'),(987,109,10,16466000.00,2020,184014,'2024-12-25'),(988,55,9,3071747.00,2008,34343,'2024-08-24'),(989,107,26,1671500.00,2018,106288,'2024-10-11'),(990,58,13,4403507.00,2024,102548,'2024-09-12'),(991,216,66,1563000.00,2019,182323,'2024-02-03'),(992,191,68,4562030.00,2012,218660,'2024-11-15'),(993,158,5,2405500.00,2010,232028,'2024-10-26'),(994,107,57,1671500.00,2012,37549,'2024-09-21'),(995,200,24,6108612.00,2024,137702,'2024-06-15'),(996,183,51,2110000.00,2010,175435,'2024-07-17'),(997,50,62,1164900.00,2017,212483,'2024-06-03'),(998,117,23,34215000.00,2014,177110,'2024-03-14'),(999,127,7,5605165.00,2010,112063,'2024-09-08'),(1000,9,8,11362679.00,2019,16793,'2024-02-11'),(1001,56,53,4483313.00,2015,152382,'2024-05-13'),(1002,169,96,1631000.00,2015,225251,'2024-10-12'),(1003,22,48,18032800.00,2021,95289,'2024-02-26'),(1004,203,7,1927300.00,2014,45671,'2024-01-23'),(1005,143,16,2999900.00,2012,69446,'2024-10-07'),(1006,50,32,1164900.00,2019,154529,'2024-10-17'),(1007,234,24,2500000.00,2024,208541,'2024-08-14'),(1008,30,65,4830400.00,2024,239162,'2024-12-04'),(1009,267,27,1540000.00,2011,146297,'2024-07-22'),(1010,35,8,1950000.00,2022,103958,'2024-12-10'),(1011,41,77,64200000.00,2016,186438,'2024-08-19'),(1012,73,74,2950000.00,2019,93184,'2024-11-17'),(1013,112,39,20075000.00,2014,47896,'2024-05-01'),(1014,109,15,16466000.00,2015,41319,'2024-07-05'),(1015,31,56,1950000.00,2011,239506,'2024-10-12'),(1016,264,12,4256900.00,2020,177661,'2024-12-15'),(1017,222,20,38906864.00,2017,104652,'2024-06-25'),(1018,216,40,1563000.00,2009,183483,'2024-10-23'),(1019,81,64,2002800.00,2014,146283,'2024-07-28'),(1020,142,84,2899900.00,2014,54261,'2024-01-20'),(1021,129,47,1915000.00,2023,34457,'2024-04-15'),(1022,41,52,64200000.00,2016,73294,'2024-10-14'),(1023,209,88,2531200.00,2009,183460,'2024-01-01'),(1024,21,78,17364400.00,2019,216733,'2024-05-04'),(1025,64,56,4633000.00,2017,77133,'2024-04-20'),(1026,163,64,9322000.00,2020,143787,'2024-04-07'),(1027,43,73,2226900.00,2012,163256,'2024-05-02'),(1028,215,60,1824000.00,2020,168366,'2024-10-11'),(1029,192,82,16233237.00,2017,239137,'2024-08-14'),(1030,85,56,2505100.00,2022,24831,'2024-02-26'),(1031,50,98,1164900.00,2023,16619,'2024-10-09'),(1032,200,55,6108612.00,2016,85477,'2024-04-11'),(1033,215,13,1824000.00,2008,75582,'2024-01-07'),(1034,77,82,2900000.00,2008,214622,'2024-11-21'),(1035,95,82,1010900.00,2010,49768,'2024-11-28'),(1036,27,27,5603100.00,2018,65986,'2024-02-22'),(1037,233,5,13800000.00,2012,162426,'2024-12-03'),(1038,57,54,4597673.00,2018,101611,'2024-12-15'),(1039,150,66,3837195.00,2011,108991,'2024-09-09'),(1040,258,41,3750000.00,2021,111996,'2024-08-26'),(1041,144,39,1849900.00,2019,181670,'2024-02-15'),(1042,127,47,5605165.00,2011,112337,'2024-09-08'),(1043,178,91,5799880.00,2014,170639,'2024-12-26'),(1044,171,36,5912230.00,2023,19280,'2024-08-10'),(1045,266,82,1883000.00,2018,32666,'2024-03-11'),(1046,117,1,34215000.00,2016,224508,'2024-06-27'),(1047,53,17,4583395.00,2023,100378,'2024-01-20'),(1048,227,76,6850000.00,2015,132117,'2024-02-09'),(1049,72,48,3750000.00,2018,83375,'2024-11-07'),(1050,50,43,1164900.00,2012,95259,'2024-12-11'),(1051,123,68,5297016.00,2009,11332,'2024-02-09'),(1052,279,94,1830000.00,2009,137589,'2024-10-07'),(1053,104,56,1843500.00,2010,27965,'2024-07-04'),(1054,205,68,2621500.00,2013,178787,'2024-03-24'),(1055,242,29,2260000.00,2011,236834,'2024-09-10'),(1056,250,88,2250000.00,2015,210025,'2024-12-25'),(1057,216,98,1563000.00,2019,41378,'2024-02-24'),(1058,40,3,1745000.00,2011,160427,'2024-04-10'),(1059,222,70,38906864.00,2018,171768,'2024-12-21'),(1060,28,9,4176900.00,2023,51044,'2024-09-17'),(1061,198,30,14366780.00,2011,26339,'2024-02-11'),(1062,233,6,13800000.00,2016,86839,'2024-04-16'),(1063,199,7,13210865.00,2014,118668,'2024-05-18'),(1064,246,14,1820000.00,2010,61540,'2024-05-06'),(1065,240,96,3115000.00,2013,142170,'2024-05-26'),(1066,239,48,4340000.00,2014,78280,'2024-02-24'),(1067,131,13,2015000.00,2015,101456,'2024-01-14'),(1068,229,88,7550000.00,2019,54415,'2024-08-24'),(1069,210,78,4475700.00,2022,215428,'2024-12-14'),(1070,167,74,1391000.00,2023,44095,'2024-11-13'),(1071,124,1,5297016.00,2020,225548,'2024-06-07'),(1072,108,35,19535000.00,2018,57275,'2024-03-10'),(1073,90,31,1172900.00,2016,246868,'2024-10-11'),(1074,168,75,1415000.00,2019,249938,'2024-01-08'),(1075,26,89,24563000.00,2019,196297,'2024-08-01'),(1076,16,40,1690000.00,2017,114238,'2024-01-16'),(1077,110,89,18100000.00,2012,83717,'2024-08-05'),(1078,107,68,1671500.00,2020,72283,'2024-10-03'),(1079,153,10,1540000.00,2022,91505,'2024-08-05'),(1080,89,40,1925000.00,2019,201256,'2024-03-27'),(1081,158,47,2405500.00,2008,161049,'2024-03-16'),(1082,138,44,2079900.00,2010,72937,'2024-04-13'),(1083,206,81,2823700.00,2010,227709,'2024-11-14'),(1084,127,78,5605165.00,2016,230333,'2024-12-21'),(1085,67,44,1660000.00,2024,243156,'2024-10-17'),(1086,174,32,7338220.00,2011,189018,'2024-01-21'),(1087,198,24,14366780.00,2018,35636,'2024-02-12'),(1088,253,80,1710000.00,2008,242298,'2024-01-24'),(1089,18,9,2430000.00,2016,102786,'2024-01-27'),(1090,253,24,1710000.00,2024,184648,'2024-10-14'),(1091,274,37,1230000.00,2022,82359,'2024-07-20'),(1092,152,84,2743000.00,2015,59340,'2024-10-13'),(1093,54,70,3662845.00,2011,244657,'2024-10-26'),(1094,148,52,2893200.00,2020,197776,'2024-09-25'),(1095,34,83,1950000.00,2015,133440,'2024-09-09'),(1096,91,63,1463000.00,2015,206385,'2024-07-25'),(1097,18,76,2430000.00,2024,91152,'2024-05-01'),(1098,181,83,1295000.00,2022,24715,'2024-11-28'),(1099,44,81,2296900.00,2011,41365,'2024-02-18'),(1100,29,100,4523900.00,2009,224165,'2024-11-17'),(1101,240,31,3115000.00,2012,147709,'2024-07-22'),(1102,221,12,3465581.00,2019,57525,'2024-04-25'),(1103,173,87,7028830.00,2014,77027,'2024-10-27'),(1104,75,5,2700000.00,2010,16017,'2024-05-10'),(1105,223,70,48407150.00,2018,217320,'2024-07-13'),(1106,83,54,2116800.00,2014,223601,'2024-01-21'),(1107,155,14,1841000.00,2009,174087,'2024-11-09'),(1108,86,13,2629400.00,2010,234038,'2024-04-02'),(1109,179,93,5431810.00,2024,46169,'2024-09-20'),(1110,91,32,1463000.00,2015,43956,'2024-04-04'),(1111,192,70,16233237.00,2021,148184,'2024-04-12'),(1112,57,17,4597673.00,2013,43704,'2024-10-28'),(1113,69,47,2176000.00,2013,178844,'2024-05-13'),(1114,147,54,1959900.00,2024,81639,'2024-07-10'),(1115,133,96,1995000.00,2019,68018,'2024-07-20'),(1116,121,87,7333142.00,2013,81739,'2024-10-02'),(1117,101,9,2213000.00,2023,81952,'2024-02-26'),(1118,36,91,1725000.00,2023,126013,'2024-09-09'),(1119,239,77,4340000.00,2017,235151,'2024-11-02'),(1120,189,89,1134000.00,2015,206569,'2024-12-17'),(1121,189,50,1134000.00,2021,211464,'2024-06-12'),(1122,232,72,9400000.00,2019,149509,'2024-02-28'),(1123,264,33,4256900.00,2023,182478,'2024-12-09'),(1124,207,31,5369100.00,2011,232211,'2024-09-25'),(1125,196,45,11660579.00,2018,98088,'2024-03-22'),(1126,40,18,1745000.00,2023,219689,'2024-12-27'),(1127,210,37,4475700.00,2022,90219,'2024-12-01'),(1128,185,72,2914000.00,2020,146343,'2024-05-05'),(1129,97,88,1273900.00,2017,31285,'2024-05-02'),(1130,172,70,5912230.00,2008,75883,'2024-12-16'),(1131,240,91,3115000.00,2023,142180,'2024-10-12'),(1132,129,47,1915000.00,2024,127274,'2024-05-20'),(1133,267,74,1540000.00,2014,12371,'2024-06-24'),(1134,212,11,1568000.00,2019,148694,'2024-05-15'),(1135,185,71,2914000.00,2010,168538,'2024-11-20'),(1136,242,27,2260000.00,2014,248660,'2024-09-13'),(1137,162,41,1907000.00,2015,173066,'2024-09-23'),(1138,224,17,17500000.00,2013,49036,'2024-05-18'),(1139,190,57,1183000.00,2021,232291,'2024-07-13'),(1140,194,94,12386352.00,2013,103841,'2024-03-28'),(1141,263,39,3300200.00,2020,115066,'2024-03-07'),(1142,156,84,1068000.00,2012,150097,'2024-10-07'),(1143,262,78,2335400.00,2016,77883,'2024-03-24'),(1144,164,98,9734000.00,2013,83856,'2024-02-01'),(1145,104,6,1843500.00,2023,162725,'2024-02-22'),(1146,249,3,2190000.00,2017,45269,'2024-01-04'),(1147,90,21,1172900.00,2009,126126,'2024-08-16'),(1148,60,9,4263944.00,2011,69551,'2024-04-14'),(1149,24,79,23608900.00,2014,27451,'2024-07-26'),(1150,141,12,3669900.00,2009,186127,'2024-08-25'),(1151,162,17,1907000.00,2017,226503,'2024-06-15'),(1152,79,39,1814500.00,2013,198614,'2024-08-13'),(1153,261,71,1925000.00,2008,244038,'2024-08-06'),(1154,63,81,2160000.00,2020,204008,'2024-09-23'),(1155,131,11,2015000.00,2023,18164,'2024-04-06'),(1156,182,16,1918500.00,2023,158331,'2024-12-10'),(1157,211,24,1593000.00,2011,80392,'2024-04-20'),(1158,24,50,23608900.00,2015,31490,'2024-11-15'),(1159,44,89,2296900.00,2023,247296,'2024-08-17'),(1160,235,45,2700000.00,2018,227931,'2024-07-16'),(1161,251,93,2290000.00,2022,203884,'2024-01-02'),(1162,93,74,1504000.00,2021,85603,'2024-01-24'),(1163,22,99,18032800.00,2017,142151,'2024-10-18'),(1164,163,3,9322000.00,2022,180084,'2024-06-21'),(1165,154,49,1764000.00,2022,182065,'2024-01-18'),(1166,244,35,2930000.00,2009,57267,'2024-02-28'),(1167,90,80,1172900.00,2008,154413,'2024-05-28'),(1168,275,51,899000.00,2016,197332,'2024-06-20'),(1169,84,75,2340100.00,2018,165786,'2024-12-07'),(1170,96,28,1260000.00,2010,224752,'2024-02-02'),(1171,9,61,11362679.00,2013,51029,'2024-11-19'),(1172,164,27,9734000.00,2020,78720,'2024-08-01'),(1173,32,30,2050000.00,2014,74670,'2024-12-28'),(1174,247,97,2100000.00,2015,190390,'2024-04-01'),(1175,204,46,4181800.00,2009,86580,'2024-02-19'),(1176,253,73,1710000.00,2022,207378,'2024-05-23'),(1177,160,89,2723000.00,2012,152846,'2024-01-03'),(1178,138,43,2079900.00,2024,118371,'2024-02-07'),(1179,67,78,1660000.00,2011,109505,'2024-09-13'),(1180,179,72,5431810.00,2014,171520,'2024-04-06'),(1181,262,89,2335400.00,2014,94672,'2024-05-17'),(1182,95,9,1010900.00,2024,59614,'2024-06-12'),(1183,140,14,3569900.00,2012,249123,'2024-08-20'),(1184,27,97,5603100.00,2010,108060,'2024-07-07'),(1185,20,74,1985000.00,2009,122641,'2024-08-06'),(1186,144,85,1849900.00,2022,77319,'2024-02-07'),(1187,268,60,5480000.00,2020,106001,'2024-04-13'),(1188,157,98,1115000.00,2013,223074,'2024-11-06'),(1189,58,74,4403507.00,2017,221719,'2024-06-25'),(1190,132,63,1875000.00,2017,17724,'2024-04-13'),(1191,14,66,2180000.00,2012,61720,'2024-02-07'),(1192,219,4,1866203.00,2021,12638,'2024-04-19'),(1193,195,1,13448162.00,2012,109342,'2024-12-06'),(1194,114,91,11630000.00,2011,220434,'2024-11-13'),(1195,230,70,7950000.00,2010,197263,'2024-05-14'),(1196,167,89,1391000.00,2015,223957,'2024-06-06'),(1197,270,43,2680000.00,2016,194631,'2024-04-20'),(1198,134,62,1975000.00,2024,185959,'2024-01-14'),(1199,186,84,2420000.00,2020,235800,'2024-09-24'),(1200,216,97,1563000.00,2020,193011,'2024-06-05'),(1201,106,20,1453500.00,2014,209370,'2024-05-14'),(1202,201,71,3364800.00,2016,119661,'2024-08-20'),(1203,98,89,2049000.00,2010,214614,'2024-03-10'),(1204,85,41,2505100.00,2009,199988,'2024-01-02'),(1205,201,41,3364800.00,2011,142802,'2024-01-13'),(1206,145,35,2249900.00,2018,190882,'2024-11-21'),(1207,77,6,2900000.00,2009,40836,'2024-03-02'),(1208,60,22,4263944.00,2018,108468,'2024-05-22'),(1209,204,69,4181800.00,2024,11544,'2024-05-12'),(1210,123,61,5297016.00,2021,40568,'2024-03-01'),(1211,119,29,3608058.00,2012,202079,'2024-06-18'),(1212,191,86,4562030.00,2019,190542,'2024-07-01'),(1213,104,33,1843500.00,2019,158980,'2024-10-14'),(1214,175,56,7338220.00,2012,247226,'2024-04-02'),(1215,239,49,4340000.00,2021,249231,'2024-09-20'),(1216,20,44,1985000.00,2023,160549,'2024-04-13'),(1217,246,83,1820000.00,2022,162584,'2024-09-06'),(1218,74,93,2600000.00,2022,221524,'2024-11-14'),(1219,90,52,1172900.00,2014,180159,'2024-10-11'),(1220,87,13,2682700.00,2015,243398,'2024-11-28'),(1221,132,43,1875000.00,2020,87178,'2024-06-14'),(1222,7,81,8576823.00,2017,141737,'2024-04-25'),(1223,162,93,1907000.00,2015,127058,'2024-02-25'),(1224,260,56,1365000.00,2008,129312,'2024-10-18'),(1225,133,57,1995000.00,2020,238901,'2024-12-12'),(1226,275,71,899000.00,2014,244032,'2024-10-11'),(1227,267,5,1540000.00,2008,33122,'2024-05-10'),(1228,219,83,1866203.00,2024,77163,'2024-02-09'),(1229,139,95,3049900.00,2019,229374,'2024-05-04'),(1230,170,100,1786000.00,2009,60988,'2024-07-01'),(1231,54,59,3662845.00,2012,189414,'2024-11-20'),(1232,188,59,3014000.00,2013,150123,'2024-08-06'),(1233,208,35,2275500.00,2018,20529,'2024-10-11'),(1234,252,92,2500000.00,2024,145814,'2024-04-13'),(1235,16,60,1690000.00,2019,220309,'2024-08-28'),(1236,63,85,2160000.00,2010,21420,'2024-01-23'),(1237,54,8,3662845.00,2022,239649,'2024-11-20'),(1238,97,59,1273900.00,2024,11248,'2024-04-11'),(1239,81,14,2002800.00,2010,204366,'2024-03-05'),(1240,51,46,1299900.00,2013,44006,'2024-12-24'),(1241,214,47,1381000.00,2013,163403,'2024-11-22'),(1242,4,74,11003409.00,2016,172960,'2024-09-15'),(1243,146,61,1724900.00,2012,55957,'2024-12-04'),(1244,138,100,2079900.00,2009,18789,'2024-09-04'),(1245,158,46,2405500.00,2014,114611,'2024-12-05'),(1246,140,82,3569900.00,2011,26420,'2024-07-28'),(1247,15,8,1590000.00,2010,126553,'2024-04-07'),(1248,165,22,1707000.00,2015,168328,'2024-11-18'),(1249,43,79,2226900.00,2014,173019,'2024-09-27'),(1250,134,68,1975000.00,2008,71360,'2024-02-02'),(1251,127,31,5605165.00,2021,185751,'2024-07-23'),(1252,102,18,1903000.00,2024,11578,'2024-07-05'),(1253,118,56,6045936.00,2020,22020,'2024-12-26'),(1254,38,60,1435000.00,2022,151472,'2024-08-03'),(1255,101,35,2213000.00,2016,201891,'2024-06-27'),(1256,14,35,2180000.00,2015,145912,'2024-06-20'),(1257,34,4,1950000.00,2020,143668,'2024-03-21'),(1258,111,44,5860000.00,2021,60121,'2024-07-06'),(1259,256,57,1925000.00,2009,92133,'2024-01-24'),(1260,195,44,13448162.00,2018,117411,'2024-05-06'),(1261,221,93,3465581.00,2014,146309,'2024-09-25'),(1262,131,20,2015000.00,2009,165772,'2024-06-05'),(1263,237,16,4970000.00,2018,226160,'2024-01-07'),(1264,115,72,26735000.00,2016,51986,'2024-08-22'),(1265,63,8,2160000.00,2013,153143,'2024-02-23'),(1266,180,10,3145446.00,2024,189933,'2024-11-04'),(1267,158,25,2405500.00,2023,103314,'2024-10-08'),(1268,206,9,2823700.00,2021,235855,'2024-07-20'),(1269,271,53,1495000.00,2010,91344,'2024-04-19'),(1270,219,45,1866203.00,2020,142840,'2024-06-14'),(1271,173,87,7028830.00,2013,104989,'2024-09-28'),(1272,277,22,2450000.00,2012,175513,'2024-07-22'),(1273,17,90,1620000.00,2019,92218,'2024-10-28'),(1274,264,10,4256900.00,2022,96393,'2024-02-10'),(1275,197,71,12218138.00,2019,218958,'2024-10-21'),(1276,111,38,5860000.00,2012,82715,'2024-05-25'),(1277,259,39,4220000.00,2009,181615,'2024-05-08'),(1278,17,41,1620000.00,2014,109030,'2024-02-17'),(1279,107,65,1671500.00,2015,225437,'2024-10-20'),(1280,162,78,1907000.00,2024,176304,'2024-07-12'),(1281,74,55,2600000.00,2014,42661,'2024-01-15'),(1282,57,6,4597673.00,2010,203174,'2024-09-11'),(1283,6,95,13227345.00,2020,158437,'2024-03-19'),(1284,224,78,17500000.00,2021,77590,'2024-02-15'),(1285,135,23,2095000.00,2021,191259,'2024-09-20'),(1286,235,48,2700000.00,2008,163504,'2024-08-04'),(1287,60,37,4263944.00,2012,46286,'2024-06-19'),(1288,112,36,20075000.00,2008,116818,'2024-10-18'),(1289,104,51,1843500.00,2016,146350,'2024-08-13'),(1290,209,33,2531200.00,2023,179037,'2024-09-11'),(1291,266,28,1883000.00,2019,133093,'2024-09-09'),(1292,177,47,2435000.00,2016,148696,'2024-03-13'),(1293,273,83,1160000.00,2010,82407,'2024-07-13'),(1294,51,91,1299900.00,2024,102676,'2024-04-08'),(1295,161,64,1796000.00,2014,87741,'2024-12-27'),(1296,272,92,5480000.00,2008,225704,'2024-12-28'),(1297,197,69,12218138.00,2024,96078,'2024-12-12'),(1298,252,21,2500000.00,2023,216478,'2024-02-16'),(1299,13,3,2694797.00,2012,16440,'2024-01-03'),(1300,250,95,2250000.00,2009,208785,'2024-03-02'),(1301,239,91,4340000.00,2020,154414,'2024-06-20'),(1302,230,33,7950000.00,2012,77225,'2024-12-22'),(1303,75,69,2700000.00,2011,187681,'2024-06-17'),(1304,96,20,1260000.00,2021,133733,'2024-04-08'),(1305,86,2,2629400.00,2009,226928,'2024-08-16'),(1306,32,65,2050000.00,2017,125809,'2024-06-20'),(1307,81,63,2002800.00,2021,208695,'2024-11-24'),(1308,139,45,3049900.00,2020,200720,'2024-08-09'),(1309,265,57,1460000.00,2016,127518,'2024-09-26'),(1310,161,86,1796000.00,2010,75349,'2024-01-14'),(1311,238,38,2540000.00,2019,222556,'2024-11-19'),(1312,39,71,1635000.00,2017,246156,'2024-07-12'),(1313,73,63,2950000.00,2010,49381,'2024-01-26'),(1314,242,83,2260000.00,2018,123056,'2024-02-10'),(1315,85,44,2505100.00,2018,93420,'2024-11-14'),(1316,167,26,1391000.00,2010,63090,'2024-09-05'),(1317,67,90,1660000.00,2013,223846,'2024-12-15'),(1318,30,41,4830400.00,2013,204681,'2024-01-19'),(1319,52,34,6586063.00,2018,49321,'2024-09-02'),(1320,124,71,5297016.00,2015,132843,'2024-10-14'),(1321,259,92,4220000.00,2023,210342,'2024-06-02'),(1322,65,63,4797000.00,2016,173769,'2024-02-28'),(1323,239,36,4340000.00,2019,31755,'2024-11-09'),(1324,105,3,1632000.00,2008,45876,'2024-06-07'),(1325,258,66,3750000.00,2023,163943,'2024-09-12'),(1326,32,15,2050000.00,2013,143013,'2024-12-12'),(1327,26,40,24563000.00,2010,238980,'2024-10-02'),(1328,104,86,1843500.00,2011,36337,'2024-12-19'),(1329,78,85,1881938.00,2021,92363,'2024-04-08'),(1330,161,38,1796000.00,2024,42355,'2024-11-25'),(1331,227,37,6850000.00,2022,71127,'2024-10-07'),(1332,195,40,13448162.00,2009,142940,'2024-06-04'),(1333,189,53,1134000.00,2020,17282,'2024-03-01'),(1334,25,69,23384900.00,2017,104339,'2024-01-07'),(1335,5,99,11238801.00,2009,27828,'2024-06-05'),(1336,155,82,1841000.00,2019,225992,'2024-07-15'),(1337,240,31,3115000.00,2015,125646,'2024-01-24'),(1338,149,23,3525105.00,2011,55663,'2024-01-16'),(1339,173,93,7028830.00,2010,197311,'2024-04-07'),(1340,49,25,1134900.00,2009,101681,'2024-11-28'),(1341,256,49,1925000.00,2011,179900,'2024-03-19'),(1342,82,62,2002800.00,2020,107953,'2024-01-06'),(1343,233,39,13800000.00,2010,233550,'2024-11-08'),(1344,110,88,18100000.00,2009,171275,'2024-06-17'),(1345,133,5,1995000.00,2024,213368,'2024-12-07'),(1346,66,39,1575000.00,2014,119661,'2024-12-26'),(1347,192,4,16233237.00,2014,180853,'2024-07-22'),(1348,9,72,11362679.00,2010,84749,'2024-07-16'),(1349,181,66,1295000.00,2018,193596,'2024-07-09'),(1350,171,94,5912230.00,2014,237281,'2024-02-15'),(1351,183,72,2110000.00,2018,109958,'2024-01-16'),(1352,103,27,1893500.00,2020,36905,'2024-03-14'),(1353,14,67,2180000.00,2022,158128,'2024-06-02'),(1354,22,96,18032800.00,2011,227756,'2024-02-23'),(1355,220,52,1866203.00,2010,73415,'2024-03-20'),(1356,133,35,1995000.00,2015,228744,'2024-10-03'),(1357,40,6,1745000.00,2017,239358,'2024-11-02'),(1358,50,42,1164900.00,2017,80253,'2024-05-08'),(1359,109,17,16466000.00,2015,72492,'2024-03-21'),(1360,205,54,2621500.00,2020,239567,'2024-10-03'),(1361,264,88,4256900.00,2011,10509,'2024-03-03'),(1362,187,34,2745000.00,2024,170371,'2024-08-11'),(1363,257,11,2950000.00,2022,184865,'2024-01-28'),(1364,46,62,1489900.00,2018,21439,'2024-12-25'),(1365,65,13,4797000.00,2020,202408,'2024-06-11'),(1366,161,81,1796000.00,2018,205232,'2024-02-14'),(1367,199,33,13210865.00,2008,133223,'2024-07-20'),(1368,112,39,20075000.00,2011,167917,'2024-03-19'),(1369,65,46,4797000.00,2018,135008,'2024-04-17'),(1370,57,55,4597673.00,2023,31719,'2024-01-21'),(1371,219,15,1866203.00,2021,126777,'2024-01-02'),(1372,190,59,1183000.00,2012,139657,'2024-11-09'),(1373,198,13,14366780.00,2020,69347,'2024-10-11'),(1374,61,80,5282806.00,2024,92634,'2024-11-07'),(1375,78,53,1881938.00,2021,98873,'2024-08-14'),(1376,199,64,13210865.00,2016,69137,'2024-05-03'),(1377,212,9,1568000.00,2013,13713,'2024-08-25'),(1378,262,76,2335400.00,2017,160025,'2024-10-03'),(1379,244,2,2930000.00,2010,100187,'2024-11-14'),(1380,151,59,4289000.00,2015,187570,'2024-06-13'),(1381,211,48,1593000.00,2022,80229,'2024-05-21'),(1382,106,97,1453500.00,2011,66772,'2024-07-27'),(1383,66,68,1575000.00,2019,143116,'2024-08-13'),(1384,47,96,1589900.00,2022,201569,'2024-10-04'),(1385,155,97,1841000.00,2019,59875,'2024-07-25'),(1386,45,33,1754900.00,2024,73765,'2024-10-08'),(1387,249,6,2190000.00,2009,223552,'2024-03-11'),(1388,124,28,5297016.00,2020,46083,'2024-11-16'),(1389,176,94,5387110.00,2012,138962,'2024-06-09'),(1390,31,41,1950000.00,2014,74471,'2024-07-09'),(1391,251,8,2290000.00,2016,205628,'2024-01-03'),(1392,272,63,5480000.00,2015,54196,'2024-12-12'),(1393,272,45,5480000.00,2011,231407,'2024-11-16'),(1394,133,24,1995000.00,2017,114414,'2024-01-24'),(1395,276,5,2299000.00,2008,23141,'2024-06-24'),(1396,234,68,2500000.00,2009,105434,'2024-08-16'),(1397,17,42,1620000.00,2016,13197,'2024-06-12'),(1398,272,67,5480000.00,2020,187243,'2024-03-26'),(1399,47,36,1589900.00,2019,166411,'2024-10-16'),(1400,177,24,2435000.00,2021,108210,'2024-03-04'),(1401,223,37,48407150.00,2020,167597,'2024-03-12'),(1402,241,57,3460000.00,2008,249792,'2024-03-24'),(1403,268,17,5480000.00,2014,235974,'2024-12-28'),(1404,87,32,2682700.00,2022,179510,'2024-05-23'),(1405,183,24,2110000.00,2024,226932,'2024-06-28'),(1406,224,62,17500000.00,2021,160419,'2024-03-21'),(1407,83,21,2116800.00,2019,189568,'2024-11-19'),(1408,109,90,16466000.00,2020,232243,'2024-08-22'),(1409,32,67,2050000.00,2010,53068,'2024-08-27'),(1410,194,38,12386352.00,2020,102266,'2024-06-08'),(1411,8,4,18747844.00,2020,220316,'2024-02-17'),(1412,208,2,2275500.00,2015,142942,'2024-09-06'),(1413,244,56,2930000.00,2013,136812,'2024-06-27'),(1414,70,68,2333000.00,2013,190518,'2024-08-09'),(1415,28,62,4176900.00,2017,160503,'2024-10-13'),(1416,36,82,1725000.00,2008,90078,'2024-06-08'),(1417,275,25,899000.00,2024,209418,'2024-12-07'),(1418,225,15,7300000.00,2016,147309,'2024-06-10'),(1419,85,9,2505100.00,2022,185243,'2024-05-08'),(1420,103,60,1893500.00,2014,51125,'2024-03-18'),(1421,125,67,5125389.00,2020,38619,'2024-05-06'),(1422,4,34,11003409.00,2022,52843,'2024-12-01'),(1423,76,79,2800000.00,2008,242586,'2024-02-14'),(1424,1,98,1919000.00,2011,50847,'2024-01-27'),(1425,213,51,1326000.00,2019,100554,'2024-11-09'),(1426,179,78,5431810.00,2020,170830,'2024-06-19'),(1427,204,16,4181800.00,2012,121773,'2024-05-27'),(1428,65,34,4797000.00,2013,50549,'2024-08-14'),(1429,92,2,1532000.00,2022,182061,'2024-05-13'),(1430,251,40,2290000.00,2016,89876,'2024-02-19'),(1431,276,9,2299000.00,2021,191399,'2024-09-27'),(1432,272,40,5480000.00,2016,149834,'2024-10-18'),(1433,250,29,2250000.00,2015,209811,'2024-02-13'),(1434,32,6,2050000.00,2021,39173,'2024-05-25'),(1435,162,73,1907000.00,2014,112253,'2024-03-27'),(1436,9,68,11362679.00,2017,61763,'2024-02-11'),(1437,195,81,13448162.00,2023,80593,'2024-07-26'),(1438,9,98,11362679.00,2022,228743,'2024-02-22'),(1439,207,51,5369100.00,2022,231187,'2024-09-12'),(1440,158,87,2405500.00,2022,216665,'2024-05-15'),(1441,145,72,2249900.00,2018,170808,'2024-06-12'),(1442,177,53,2435000.00,2024,174592,'2024-01-01'),(1443,262,93,2335400.00,2010,168713,'2024-03-19'),(1444,81,54,2002800.00,2022,219446,'2024-04-12'),(1445,126,83,5433538.00,2024,206846,'2024-12-23'),(1446,157,83,1115000.00,2019,108459,'2024-05-28'),(1447,4,42,11003409.00,2017,214812,'2024-11-11'),(1448,40,37,1745000.00,2013,184682,'2024-03-05'),(1449,15,33,1590000.00,2018,87826,'2024-05-22'),(1450,56,51,4483313.00,2013,26649,'2024-08-07'),(1451,81,39,2002800.00,2019,198221,'2024-05-15'),(1452,273,72,1160000.00,2024,186662,'2024-07-03'),(1453,69,39,2176000.00,2008,79250,'2024-05-12'),(1454,36,23,1725000.00,2014,41298,'2024-05-13'),(1455,223,12,48407150.00,2019,175232,'2024-03-09'),(1456,271,36,1495000.00,2024,25179,'2024-08-07'),(1457,1,66,1919000.00,2010,232087,'2024-06-22'),(1458,201,35,3364800.00,2024,78652,'2024-09-27'),(1459,189,39,1134000.00,2015,23681,'2024-08-06'),(1460,269,60,4470000.00,2016,79380,'2024-02-27'),(1461,134,5,1975000.00,2017,80841,'2024-09-20'),(1462,63,54,2160000.00,2010,89295,'2024-02-09'),(1463,53,70,4583395.00,2011,83289,'2024-08-08'),(1464,128,31,1795000.00,2014,43443,'2024-09-25'),(1465,240,29,3115000.00,2016,33929,'2024-04-13'),(1466,36,68,1725000.00,2022,140648,'2024-10-05'),(1467,215,95,1824000.00,2022,83599,'2024-04-10'),(1468,103,42,1893500.00,2011,156875,'2024-11-06'),(1469,14,12,2180000.00,2017,81992,'2024-02-26'),(1470,9,45,11362679.00,2020,54059,'2024-02-06'),(1471,280,76,1680000.00,2008,247352,'2024-02-25'),(1472,139,11,3049900.00,2014,238769,'2024-07-24'),(1473,272,70,5480000.00,2018,221189,'2024-01-04'),(1474,1,18,1919000.00,2013,133388,'2024-02-11'),(1475,148,71,2893200.00,2008,131247,'2024-12-18'),(1476,19,34,1940000.00,2011,79309,'2024-09-17'),(1477,62,49,2325000.00,2022,76167,'2024-03-22'),(1478,17,99,1620000.00,2024,69897,'2024-07-03'),(1479,14,4,2180000.00,2013,236293,'2024-01-17'),(1480,36,86,1725000.00,2023,197596,'2024-12-11'),(1481,166,25,1920000.00,2024,96626,'2024-03-14'),(1482,205,46,2621500.00,2021,177345,'2024-05-08'),(1483,25,22,23384900.00,2012,174517,'2024-07-20'),(1484,96,28,1260000.00,2016,66002,'2024-01-19'),(1485,144,45,1849900.00,2021,154235,'2024-09-26'),(1486,224,24,17500000.00,2023,145600,'2024-03-22'),(1487,240,45,3115000.00,2010,181677,'2024-08-19'),(1488,278,53,1440000.00,2022,217216,'2024-06-02'),(1489,21,91,17364400.00,2009,235246,'2024-04-08'),(1490,267,16,1540000.00,2019,59485,'2024-07-14'),(1491,36,45,1725000.00,2015,91625,'2024-02-15'),(1492,48,19,1719900.00,2023,52275,'2024-05-10'),(1493,157,36,1115000.00,2018,249486,'2024-01-14'),(1494,68,91,2540000.00,2015,209352,'2024-11-12'),(1495,171,92,5912230.00,2020,97212,'2024-07-04'),(1496,216,77,1563000.00,2017,129533,'2024-10-23'),(1497,211,59,1593000.00,2016,177477,'2024-03-17'),(1498,46,5,1489900.00,2012,216873,'2024-12-08'),(1499,226,99,6155000.00,2021,161429,'2024-11-20'),(1500,88,31,1693900.00,2016,90115,'2024-04-23');
/*!40000 ALTER TABLE `Cars` ENABLE KEYS */;
UNLOCK TABLES;

--
-- Table structure for table `Categories`
--

DROP TABLE IF EXISTS `Categories`;
/*!40101 SET @saved_cs_client     = @@character_set_client */;
/*!50503 SET character_set_client = utf8mb4 */;
CREATE TABLE `Categories` (
  `category_id` int NOT NULL AUTO_INCREMENT,
  `name` varchar(50) DEFAULT NULL,
  PRIMARY KEY (`category_id`)
) ENGINE=InnoDB AUTO_INCREMENT=16 DEFAULT CHARSET=utf8mb4 COLLATE=utf8mb4_0900_ai_ci;
/*!40101 SET character_set_client = @saved_cs_client */;

--
-- Dumping data for table `Categories`
--

LOCK TABLES `Categories` WRITE;
/*!40000 ALTER TABLE `Categories` DISABLE KEYS */;
INSERT INTO `Categories` VALUES (1,'Sedan'),(2,'Hatchback'),(3,'SUV'),(4,'Coupe'),(5,'Convertible'),(6,'Station Wagon'),(7,'Pickup'),(8,'Crossover'),(9,'Minivan'),(10,'Electric'),(11,'Hybrid'),(12,'Roadster'),(13,'Off-Road'),(14,'Van'),(15,'MPV');
/*!40000 ALTER TABLE `Categories` ENABLE KEYS */;
UNLOCK TABLES;

--
-- Table structure for table `Favorites`
--

DROP TABLE IF EXISTS `Favorites`;
/*!40101 SET @saved_cs_client     = @@character_set_client */;
/*!50503 SET character_set_client = utf8mb4 */;
CREATE TABLE `Favorites` (
  `user_id` int NOT NULL,
  `car_id` int NOT NULL,
  PRIMARY KEY (`user_id`,`car_id`),
  KEY `car_id` (`car_id`),
  CONSTRAINT `favorites_ibfk_1` FOREIGN KEY (`user_id`) REFERENCES `Users` (`user_id`),
  CONSTRAINT `favorites_ibfk_2` FOREIGN KEY (`car_id`) REFERENCES `Cars` (`car_id`)
) ENGINE=InnoDB DEFAULT CHARSET=utf8mb4 COLLATE=utf8mb4_0900_ai_ci;
/*!40101 SET character_set_client = @saved_cs_client */;

--
-- Dumping data for table `Favorites`
--

LOCK TABLES `Favorites` WRITE;
/*!40000 ALTER TABLE `Favorites` DISABLE KEYS */;
INSERT INTO `Favorites` VALUES (27,1),(94,5),(30,6),(45,10),(31,37),(98,38),(8,39),(17,60),(8,61),(79,61),(45,65),(46,68),(19,84),(18,87),(25,92),(45,92),(15,93),(61,94),(52,100),(92,106),(85,107),(71,108),(64,110),(43,112),(2,114),(29,116),(58,116),(41,119),(80,123),(6,125),(12,125),(37,129),(45,142),(12,147),(14,154),(42,154),(47,156),(27,157),(36,158),(53,158),(64,163),(60,164),(44,174),(93,175),(53,178),(98,181),(26,183),(20,190),(52,193),(97,193),(59,194),(89,201),(18,202),(72,202),(52,207),(27,212),(88,214),(16,216),(86,216),(72,227),(47,232),(2,239),(43,240),(71,241),(58,242),(53,244),(48,247),(44,250),(88,253),(10,259),(40,261),(66,263),(46,268),(1,270),(96,288),(100,288),(93,289),(46,290),(97,296),(40,302),(70,306),(13,314),(28,315),(39,320),(39,325),(85,327),(58,328),(25,334),(46,338),(82,341),(14,343),(60,352),(17,356),(54,361),(73,366),(81,369),(67,377),(5,378),(82,380),(41,390),(75,393),(24,396),(35,410),(65,411),(29,416),(33,417),(18,420),(59,436),(72,440),(85,443),(39,460),(75,466),(100,475),(81,478),(35,482),(70,499),(6,500),(94,503),(38,516),(30,517),(65,520),(62,521),(60,524),(74,550),(86,552),(28,567),(51,579),(8,594),(33,599),(100,609),(21,611),(57,612),(66,620),(92,622),(87,624),(56,626),(50,628),(7,640),(83,640),(20,649),(32,649),(30,651),(2,652),(74,660),(48,662),(80,668),(52,671),(91,673),(68,675),(12,683),(43,689),(65,689),(55,693),(77,699),(5,701),(45,703),(51,703),(26,704),(99,704),(88,705),(59,708),(28,714),(77,714),(19,719),(63,726),(84,729),(63,738),(15,749),(96,751),(4,752),(19,756),(3,759),(26,765),(71,771),(61,772),(26,773),(98,773),(31,781),(58,781),(55,783),(33,788),(74,790),(27,794),(100,797),(36,802),(20,811),(50,812),(9,840),(85,846),(25,852),(66,860),(73,864),(78,864),(66,867),(47,869),(37,870),(97,871),(81,875),(70,878),(26,882),(90,883),(20,886),(38,899),(39,901),(40,908),(90,912),(87,916),(93,917),(40,919),(100,920),(1,922),(76,933),(84,935),(77,942),(34,950),(99,959),(44,960),(33,965),(94,973),(73,979),(89,981),(76,986),(11,991),(53,991),(16,999),(16,1000),(34,1000),(64,1000),(63,1005),(79,1008),(59,1014),(4,1017),(5,1018),(24,1022),(32,1034),(27,1037),(71,1042),(82,1042),(83,1043),(76,1047),(99,1048),(82,1050),(88,1062),(35,1064),(93,1065),(41,1070),(44,1075),(53,1078),(31,1081),(13,1083),(35,1086),(57,1089),(21,1094),(17,1097),(73,1110),(63,1112),(68,1116),(95,1129),(71,1131),(8,1143),(36,1144),(4,1145),(51,1154),(51,1155),(30,1160),(65,1160),(75,1161),(49,1164),(62,1166),(54,1181),(70,1182),(94,1187),(18,1197),(58,1206),(18,1212),(88,1217),(38,1218),(17,1225),(10,1228),(49,1228),(25,1231),(91,1233),(5,1234),(74,1234),(22,1249),(9,1251),(6,1262),(30,1263),(59,1265),(87,1271),(76,1273),(95,1275),(50,1277),(5,1289),(23,1301),(1,1302),(67,1308),(67,1309),(47,1310),(28,1311),(57,1314),(68,1318),(49,1319),(49,1326),(56,1328),(7,1329),(35,1332),(65,1334),(16,1336),(44,1338),(69,1340),(20,1342),(31,1342),(42,1371),(38,1379),(3,1382),(78,1388),(69,1392),(75,1393),(46,1401),(51,1410),(60,1415),(23,1419),(41,1425),(12,1434),(6,1442),(11,1442),(22,1447),(31,1450),(13,1455),(52,1466),(96,1472),(10,1473),(33,1484),(74,1487),(98,1487),(67,1489),(75,1500);
/*!40000 ALTER TABLE `Favorites` ENABLE KEYS */;
UNLOCK TABLES;

--
-- Table structure for table `FuelTypes`
--

DROP TABLE IF EXISTS `FuelTypes`;
/*!40101 SET @saved_cs_client     = @@character_set_client */;
/*!50503 SET character_set_client = utf8mb4 */;
CREATE TABLE `FuelTypes` (
  `fuel_type_id` int NOT NULL AUTO_INCREMENT,
  `fuel_name` varchar(30) DEFAULT NULL,
  PRIMARY KEY (`fuel_type_id`),
  UNIQUE KEY `fuel_name` (`fuel_name`)
) ENGINE=InnoDB AUTO_INCREMENT=6 DEFAULT CHARSET=utf8mb4 COLLATE=utf8mb4_0900_ai_ci;
/*!40101 SET character_set_client = @saved_cs_client */;

--
-- Dumping data for table `FuelTypes`
--

LOCK TABLES `FuelTypes` WRITE;
/*!40000 ALTER TABLE `FuelTypes` DISABLE KEYS */;
INSERT INTO `FuelTypes` VALUES (2,'Diesel'),(4,'Electric'),(1,'Gasoline'),(3,'Hybrid'),(5,'LPG');
/*!40000 ALTER TABLE `FuelTypes` ENABLE KEYS */;
UNLOCK TABLES;

--
-- Table structure for table `Locations`
--

DROP TABLE IF EXISTS `Locations`;
/*!40101 SET @saved_cs_client     = @@character_set_client */;
/*!50503 SET character_set_client = utf8mb4 */;
CREATE TABLE `Locations` (
  `location_id` int NOT NULL AUTO_INCREMENT,
  `city` varchar(50) DEFAULT NULL,
  PRIMARY KEY (`location_id`)
) ENGINE=InnoDB AUTO_INCREMENT=82 DEFAULT CHARSET=utf8mb4 COLLATE=utf8mb4_0900_ai_ci;
/*!40101 SET character_set_client = @saved_cs_client */;

--
-- Dumping data for table `Locations`
--

LOCK TABLES `Locations` WRITE;
/*!40000 ALTER TABLE `Locations` DISABLE KEYS */;
INSERT INTO `Locations` VALUES (1,'Adana'),(2,'Adıyaman'),(3,'Afyonkarahisar'),(4,'Ağrı'),(5,'Amasya'),(6,'Ankara'),(7,'Antalya'),(8,'Artvin'),(9,'Aydın'),(10,'Balıkesir'),(11,'Bilecik'),(12,'Bingöl'),(13,'Bitlis'),(14,'Bolu'),(15,'Burdur'),(16,'Bursa'),(17,'Çanakkale'),(18,'Çankırı'),(19,'Çorum'),(20,'Denizli'),(21,'Diyarbakır'),(22,'Edirne'),(23,'Elazığ'),(24,'Erzincan'),(25,'Erzurum'),(26,'Eskişehir'),(27,'Gaziantep'),(28,'Giresun'),(29,'Gümüşhane'),(30,'Hakkari'),(31,'Hatay'),(32,'Isparta'),(33,'Mersin'),(34,'İstanbul'),(35,'İzmir'),(36,'Kars'),(37,'Kastamonu'),(38,'Kayseri'),(39,'Kırklareli'),(40,'Kırşehir'),(41,'Kocaeli'),(42,'Konya'),(43,'Kütahya'),(44,'Malatya'),(45,'Manisa'),(46,'Kahramanmaraş'),(47,'Mardin'),(48,'Muğla'),(49,'Muş'),(50,'Nevşehir'),(51,'Niğde'),(52,'Ordu'),(53,'Rize'),(54,'Sakarya'),(55,'Samsun'),(56,'Siirt'),(57,'Sinop'),(58,'Sivas'),(59,'Tekirdağ'),(60,'Tokat'),(61,'Trabzon'),(62,'Tunceli'),(63,'Şanlıurfa'),(64,'Uşak'),(65,'Van'),(66,'Yozgat'),(67,'Zonguldak'),(68,'Aksaray'),(69,'Bayburt'),(70,'Karaman'),(71,'Kırıkkale'),(72,'Batman'),(73,'Şırnak'),(74,'Bartın'),(75,'Ardahan'),(76,'Iğdır'),(77,'Yalova'),(78,'Karabük'),(79,'Kilis'),(80,'Osmaniye'),(81,'Düzce');
/*!40000 ALTER TABLE `Locations` ENABLE KEYS */;
UNLOCK TABLES;

--
-- Table structure for table `Models`
--

DROP TABLE IF EXISTS `Models`;
/*!40101 SET @saved_cs_client     = @@character_set_client */;
/*!50503 SET character_set_client = utf8mb4 */;
CREATE TABLE `Models` (
  `model_id` int NOT NULL AUTO_INCREMENT,
  `brand_id` int DEFAULT NULL,
  `category_id` int DEFAULT NULL,
  `model_name` varchar(50) DEFAULT NULL,
  `fuel_type_id` int DEFAULT NULL,
  `engine_capacity` decimal(4,1) DEFAULT NULL,
  PRIMARY KEY (`model_id`),
  KEY `brand_id` (`brand_id`),
  KEY `category_id` (`category_id`),
  KEY `fuel_type_id` (`fuel_type_id`),
  CONSTRAINT `models_ibfk_1` FOREIGN KEY (`brand_id`) REFERENCES `Brands` (`brand_id`),
  CONSTRAINT `models_ibfk_2` FOREIGN KEY (`category_id`) REFERENCES `Categories` (`category_id`),
  CONSTRAINT `models_ibfk_3` FOREIGN KEY (`fuel_type_id`) REFERENCES `FuelTypes` (`fuel_type_id`)
) ENGINE=InnoDB AUTO_INCREMENT=281 DEFAULT CHARSET=utf8mb4 COLLATE=utf8mb4_0900_ai_ci;
/*!40101 SET character_set_client = @saved_cs_client */;

--
-- Dumping data for table `Models`
--

LOCK TABLES `Models` WRITE;
/*!40000 ALTER TABLE `Models` DISABLE KEYS */;
INSERT INTO `Models` VALUES (1,1,3,'JUNIOR ELETTRICA SPECIALE 115KW (156)',4,0.0),(2,1,11,'JUNIOR IBRIDA 1.2 136 HYBRID',3,1.2),(3,1,11,'JUNIOR IBRIDA SPECIALE 1.2 136 HYBRID',3,1.2),(4,4,4,'A7 SPORTBACK 3.0 50 TDI QUATTRO (286) TIPTRON',2,3.0),(5,4,4,'A7 SPORTBACK 3.0 55 TFSI QUATTRO (340) S TRO',1,3.0),(6,4,3,'Q8 3.0 50 TDI QUATTRO (286) TIPTRONIC',2,3.0),(7,4,4,'A7 SPORTBACK 2.0 40 TDI QUATTRO 204 STRONIC',2,2.0),(8,4,3,'A8 L 3.0 55 TFSI 340 QUATTRO TIPTRONIC',1,3.0),(9,4,3,'Q7 S LINE 50 TDI 286 QUATTRO TIPTRONIC PI',2,5.8),(10,4,1,'A6 ALLROAD QUATTRO 55 TFSI 340 STRONIC',1,5.3),(11,4,3,'A6 ALLROAD QUATTRO 50 TDI 286 TIPTRONIC',2,3.3),(12,4,1,'A6 ALLROAD QUATTRO 40 TDI 204 STRONIC',2,5.4),(13,4,14,'Q2 35 TFSI 150 ADVANCED STRONIC PI',1,3.7),(14,40,1,'ATECA 1.5 ECOTSI ACT 150 DSG S&S XPERIENCE',2,1.5),(15,40,3,'ARONA FL 1.0 ECOTSI 115 DSG STYLE',2,1.0),(16,40,2,'ARONA FL 1.0 ECOTSI 115 DSG FR',2,1.0),(17,40,2,'IBIZA FL 1.0 ECOTSI 115 DSG FR',2,1.0),(18,40,2,'ATECA 1.5 ECOTSI ACT 150 DSG FR DARK EDT FL',2,1.5),(19,40,2,'LEON 1.5 eTSI 116 DSG FR FL',1,1.5),(20,40,11,'LEON 1.5 EHYBRID (PHEV) 204 DSG FR',3,1.5),(21,6,4,'840i XDRIVE COUPE M SPORT',2,2.5),(22,6,2,'840i XDRIVE CABRIO M SPORT',2,3.1),(23,6,4,'840i XDRIVE GRAN COUPE M SPORT',2,3.4),(24,6,4,'M8 GRAN COUPE COMPETITION XDRIVE',1,3.7),(25,6,4,'M8 COUPE XDRIVE COMPETITION',1,2.8),(26,6,3,'M8 CABRIO XDRIVE COMPETITION',2,2.6),(27,6,4,'420i COUPE 1.6 170 EDITION M SPORT',2,1.6),(28,6,1,'320i SEDAN 1.6 170 SPORT LINE',2,1.6),(29,6,1,'320i SEDAN 1.6 170 M SPORT',2,1.6),(30,6,4,'420i COUPE 1.6 170 M SPORT',2,1.6),(31,9,1,'JUMPER MINIBUS OKUL 16+1 L4H2 2.2 BLUEHDI 140',1,2.2),(32,9,3,'JUMPY COMBI SPACETOURER L3 2.0BLUHDI 180 EAT8',2,2.0),(33,9,14,'BERLINGO VAN 1.5 BLUEHDI 130 EAT8',2,1.5),(34,9,1,'JUMPER MINIBUS PERSONEL 16+1 2.2 140',1,2.2),(35,9,1,'JUMPER MINIBUS PERSONEL 16+1 2.2 165',1,2.2),(36,9,2,'SPACETOURER 2.0 BLUEHDI 180 EAT8 FL',1,2.0),(37,9,14,'JUMPY PANELVAN 2.0 BLUEHDI 145 6MT FL',1,2.0),(38,9,14,'JUMPY PANELVAN 2.0 BLUEHDI 180 EAT8 FL',1,2.0),(39,9,14,'JUMPER VAN 15M3 3.5T 2.2 BLUEHDI 180 FL',1,3.5),(40,9,14,'JUMPER VAN 15M3 3.5T 2.2 BLUEHDI 180 EAT8 FL',1,3.5),(41,14,1,'12CILINDRI 6.5 V12',2,6.5),(42,15,14,'SCUDO VAN MAXI BUSINESS 2.0 145',1,2.0),(43,15,3,'DUCATO MINIBUS DELUX 16+1 2.2 140 S9',1,2.2),(44,15,2,'DUCATO MINIBUS DELUX OKUL 16+1 2.2 140 S9',2,2.2),(45,15,1,'SCUDO COMBIMIX LOUNGE 2.0 M.JET 145',2,2.0),(46,15,1,'DOBLO COMBI PREMIO 1.5 130 BLUEHDI FL',1,1.5),(47,15,2,'DOBLO COMBI PREMIO 1.5 130 BLUEHDI FL AT',2,1.5),(48,15,1,'DOBLO COMBI PREMIO PLUS 1.5 130 B.HDI FL AT',2,1.5),(49,15,2,'DOBLO CARGO 1.5 100 BLUEHDI FL',1,1.5),(50,15,2,'DOBLO CARGO MAXI 1.5 100 BLUEHDI FL',2,1.5),(51,15,2,'DOBLO CARGO MAXI 1.5 130 BLUEHDI FL AT',2,1.5),(52,16,2,'CEKICI 1848T 4x2 OV',2,3.5),(53,16,3,'CEKICI 1842T OV',2,4.3),(54,16,3,'KAMYON 1833 4x2 4250WB',1,2.5),(55,16,1,'KAMYON 1833 4x2 KAMYON CIFT KABIN',2,5.4),(56,16,2,'KAMYON 2533 6x2',2,4.6),(57,16,14,'KAMYON 2533 6x2 TEK YATAK YUKSEK TAVAN',1,3.5),(58,16,14,'KAMYON 2633 6x2 MIDILLI TEK YATAK ALCAK TAVAN',1,1.3),(59,16,14,'KAMYON 3233S 8x2 TEK YATAK YUKSEK TAVAN',1,4.5),(60,16,1,'KAMYON 1833D 4x2',2,1.9),(61,16,14,'KAMYON 2533D 6x2 TEK YATAK ALCAK TAVAN',1,5.4),(62,17,11,'HR-V 1.5 e:HEV HYBRID ADVANCE AT',3,1.5),(63,17,1,'HR-V 1.5 e:HEV HIBRID ELEGANCE AT',1,1.5),(64,17,1,'TYPE-R 2.0L VTEC TURBO',1,2.0),(65,17,14,'CR-V 2.0 e:HEV HIBRIT ADVANCE AT',1,2.0),(66,17,11,'JAZZ 1.5 e:HEV HYBRID ELEGANCE AT',3,1.5),(67,17,11,'JAZZ 1.5 e:HEV HYBRID CROSSTAR AT',3,1.5),(68,17,1,'HR-V 1.5 e:HEV HIBRID STYLE+ AT',1,1.5),(69,17,1,'CIVIC SEDAN 1.5 129 ECO AT ELEGANCE PLUS FL',1,1.5),(70,17,1,'CIVIC SEDAN 1.5 129 ECO AT EXECUTIVE PLUS FL',1,1.5),(71,17,1,'CIVIC SEDAN 1.5 182 AT ELEGANCE PLUS FL',1,1.5),(72,33,3,'FUSO CANTER 8BL MT CIFT KABIN KAMYON (AEBS)',2,1.3),(73,33,3,'FUSO CANTER 9BXL MT KAMYON (AEBS)',2,2.0),(74,33,1,'FUSO CANTER 8B MT KAMYON AEBS STEP-E',2,4.1),(75,33,3,'FUSO CANTER 8BL MT KAMYON AEBS STEP-E',2,3.7),(76,33,2,'FUSO CANTER 9B MT KAMYON AEBS STEP-E',2,4.6),(77,33,1,'FUSO CANTER 9BL MT KAMYON AEBS STEP-E',1,6.0),(78,35,2,'NAVARA 2.3 DCI 190 4x4 PLATINUM A/T',1,2.3),(79,35,2,'JUKE 1.0 DIG-T 115 DCT TEKNA FL',2,1.0),(80,35,3,'JUKE 1.0 DIG-T 115 DCT PLATINUM FL',1,1.0),(81,35,1,'JUKE 1.0 DIG-T 115 DCT N-DESIGN FL',2,1.0),(82,35,1,'JUKE 1.0 DIG-T 115 DCT N-SPORT FL',2,1.0),(83,35,3,'JUKE 1.0 DIG-T 115 DCT PLATINUM PREMIUM FL',1,1.0),(84,35,2,'QASHQAI 1.3 DIG-T 158 CVT DESIGN PACK FL',1,1.3),(85,35,1,'QASHQAI 1.3 DIG-T 158 CVT SKYPACK FL',2,1.3),(86,35,1,'QASHQAI 1.3 DIG-T 158 CVT SKYPACK 4x4 FL',2,1.3),(87,35,3,'QASHQAI 1.3 DIG-T 158 CVT N-DESIGN FL',2,1.3),(88,36,1,'ASTRA HB 1.2 AT8 130 EDITION',2,1.2),(89,36,3,'ASTRA HB 1.2 AT8 130 GS',2,1.2),(90,36,2,'CORSA 1.2 75 EDITION FL',2,1.2),(91,36,2,'CORSA 1.2 100 AT8 EDITION FL',1,1.2),(92,36,1,'CORSA 1.2 100 AT8 GS FL',2,1.2),(93,36,1,'CORSA-E 100KW GS FL',4,0.0),(94,36,3,'COMBO CARGO 1.5 DIZEL MT6 102 EDITION FL',2,1.5),(95,36,1,'COMBO CARGO 1.5 DIZEL MT6 102 ULTIMATE XL FL',2,1.5),(96,36,3,'COMBO CARGO 1.5 DIZEL AT8 130 ULTIMATE XL FL',2,1.5),(97,36,2,'COMBO EDITION 1.5 DIZEL MT6 130 FL',2,1.5),(98,37,1,'408 ALLURE 1.2 PURETECH 130 EAT8',2,1.2),(99,37,3,'408 GT 1.2 PURETECH 130 EAT8',1,1.2),(100,37,3,'2008 ALLURE 1.2 PURETECH 130 EAT8 FL',1,1.2),(101,37,1,'2008 GT 1.2 PURETECH 130 EAT8 FL',1,1.2),(102,37,2,'e-2008 GT 115KW FL',4,0.0),(103,37,2,'E-308 GT 115KW',4,0.0),(104,37,1,'e-2008 ALLURE 100KW FL',4,0.0),(105,37,3,'E-208 GT 100KW',4,0.0),(106,37,3,'RIFTER ALLURE 1.5 BLUEHDI 130 FL',2,1.5),(107,37,1,'RIFTER ALLURE 1.5 BLUEHDI 130 EAT8 FL',1,1.5),(108,38,11,'PANAMERA 4 E HYBRID EXECUTIVE',3,4.8),(109,38,4,'CAYENNE COUPE E-HYBRID 3.0 (462)',3,3.0),(110,38,4,'CAYENNE COUPE TURBO S E-HYBRID 4.0 (680)',3,4.0),(111,38,2,'MACAN 2.0 (265)',1,2.0),(112,38,11,'PANAMERA 4S E-HYBRID',3,2.6),(113,38,2,'TAYCAN GTS',2,1.4),(114,38,2,'TAYCAN GTS SPORT TURISMO (598)',2,4.3),(115,38,3,'CAYMAN GT4 RS 4.0 (500)',1,4.0),(116,38,2,'PANAMERA 2.9 (330)',2,2.9),(117,38,3,'911 GT3 4.0 (510)',1,4.0),(118,39,2,'KAMYON K 430 8x4 P E6',2,5.1),(119,39,3,'KAMYON D16 MED 4x2 250 E6',1,3.0),(120,39,2,'KAMYON D16 MED 4x2 210',1,5.3),(121,39,2,'CEKICI C 520 6x4 T',2,4.8),(122,39,1,'KAMYON D 12 HIGH 4x4 P',1,1.1),(123,39,2,'CEKICI T 460 XLOW E6',2,5.1),(124,39,3,'CEKICI T 480 E6',1,4.6),(125,39,3,'CEKICI T460 E6 RET ADR',1,1.1),(126,39,2,'CEKICI T 480 E6 RET',1,3.2),(127,39,3,'CEKICI T 480 HIGHCAB E6 RET',1,5.1),(128,45,11,'VITARA MILD HYBRID 1.4 129 GL ELEGANCE 4x2 AT',3,1.4),(129,45,11,'VITARA MILD HYBRID 1.4 129 GL ELEGANCE 4x4 AT',3,1.4),(130,45,11,'VITARA MILD HYBRID 1.4 129 GLX PREMIUM 4x2 AT',3,1.4),(131,45,11,'VITARA MILD HYBRID 1.4 129 GLX PREMIUM 4x4 AT',3,1.4),(132,45,1,'S-CROSS 1.4 MHEV 129 6AT GL ELEGANCE',1,1.4),(133,45,2,'S-CROSS 1.4 MHEV 129 6AT ALLGRIP GL ELEGANCE',2,1.4),(134,45,2,'S-CROSS 1.4 MHEV 129 6AT GLX PREMIUM',1,1.4),(135,45,3,'S-CROSS 1.4 MHEV 129 6AT ALLGRIP GLX PREMIUM',2,1.4),(136,45,2,'SWIFT 1.2 MHEV LIFE CVT',1,1.2),(137,45,1,'SWIFT 1.2 MHEV PULSE CVT',2,1.2),(138,42,2,'SCALA PREMIUM 1.5 TSI ACT 150 DSG',2,1.5),(139,42,3,'KODIAQ FL PREMIUM 1.5 TSI ACT 150 DSG',1,1.5),(140,42,1,'KODIAQ FL PRESTIGE 1.5 TSI ACT 150 DSG',1,1.5),(141,42,3,'KODIAQ FL SPORTLINE 1.5 TSI ACT 150 DSG',2,1.5),(142,42,1,'KAROQ FL 1.5 TSI ACT 150 DSG PRESTIGE',2,1.5),(143,42,2,'KAROQ FL 1.5 TSI ACT 150 DSG SPORTLINE',2,1.5),(144,42,3,'FABIA 1.5 TSI ACT 150 DSG MONTE CARLO',1,1.5),(145,42,2,'SCALA 1.5 TSI 150 ACT DSG MONTE CARLO FL',2,1.5),(146,42,3,'SCALA 1.0 TSI 115 DSG ELITE FL',1,1.0),(147,42,2,'SCALA 1.0 TSI 115 DSG PREMIUM FL',2,1.0),(148,44,2,'CROSSTREK E-BOXER 2.0i XCLUSIVE',1,2.0),(149,44,2,'FORESTER 2.0i e-BOXER FUN',1,2.0),(150,44,1,'FORESTER 2.0i e-BOXER STYLE',1,2.0),(151,48,11,'RAV4 2.5 HYBRID 4x4 PASSION X-PACK E-CVT',3,2.5),(152,48,3,'HILUX 2.4 D-4D 150 4x4 INVINCIBLE A/T',1,2.4),(153,48,2,'PROACE CITY 1.5 D 130 DREAM A/T',2,1.5),(154,48,3,'PROACE CITY 1.5 D 130 FLAME X-PACK A/T',2,1.5),(155,48,2,'PROACE CITY 1.5 D 130 PASSION X-PACK A/T',1,1.5),(156,48,3,'PROACE CITY CARGO 1.5 D VISION 6MT',1,1.5),(157,48,2,'PROACE CITY CARGO 1.5 D DREAM 6 MT',1,1.5),(158,48,11,'COROLLA CROSS 1.8 HYBRID FLAME E-CVT',3,1.8),(159,48,11,'COROLLA CROSS 1.8 HYBRID FLAME X-PACK E-CVT',3,1.8),(160,48,11,'COROLLA CROSS 1.8 HYBRID PASSION E-CVT',3,1.8),(161,49,14,'CRAFTER PANELVAN 2+1 MWB HR 140 3.5T COMFORT',2,3.5),(162,49,14,'CRAFTER PANELVAN 2+1 LWB HR 140 3.5T  COMFORT',2,3.5),(163,49,3,'TOUAREG V6 3.0 TDI SCR 286 TIPTRONIC ELEGANCE',2,3.0),(164,49,2,'TOUAREG V6 3.0 TDI SCR 286 TIPTRONIC R-LINE',2,3.0),(165,49,2,'CADDY KOMBI 2.0 TDI 122 LIFE DSG',2,2.0),(166,49,2,'CADDY KOMBI 2.0 TDI 122 STYLE DSG',2,2.0),(167,49,14,'CADDY CARGO PANELVAN 2.0 TDI 122  DSG',2,2.0),(168,49,14,'CADDY CARGO MAXI PANELVAN 2.0 TDI 122 DSG',2,2.0),(169,49,2,'POLO 1.0 80 IMPRESSION',1,1.0),(170,49,2,'POLO 1.0 TSI 95 LIFE',1,1.0),(171,50,3,'XC60 RECHARGE T8 AWDPLUS BRIGHT2.0 310+145 G.',2,2.0),(172,50,2,'XC60 RECHARGE T8 AWD PLUS DARK 2.0 310+145 G.',1,2.0),(173,50,3,'XC60 RECHARGE T8 AWD POLESTARENGINERED 2.0 G.',1,2.0),(174,50,1,'XC90 RECHARGE T8AWDPLUSBRIGHT 2.0 310+145 G.',1,2.0),(175,50,1,'XC90 RECHARGE T8 AWD PLUS DARK 2.0 310+145 G.',1,2.0),(176,50,1,'XC60 B5 AWD PLUS DARK 2.0 250',1,2.0),(177,50,3,'XC40 RECHARGE P8 S.MOTOR EXTENDED RANGE ULTIM',2,5.6),(178,50,3,'XC60 RECHARGE T8 AWD ULTIMATEBLACK2.0 310+145',1,2.0),(179,50,3,'XC60 RECHARGE T8 AWD PLUS BLACK2.0 310+145',1,2.0),(180,50,2,'EX40 SINGLE MOTOR EXTENDED RANGE ULTRA 185KW',4,0.0),(181,19,1,'i10 FL 1.2 MPI 84 ELITE CR AMT',2,1.2),(182,19,14,'IONIQ 6 ADVANCE 111 KW',4,0.0),(183,19,1,'TUCSON 1.6 T-GDI COMFORT DCT FL',2,1.6),(184,19,3,'TUCSON 1.6 T-GDI PRIME PLUS DCT FL',1,1.6),(185,19,3,'TUCSON 1.6 T-GDI ELITE PLUS 4X4 DCT FL',2,1.6),(186,19,2,'TUCSON 1.6 CRDI PRIME DCT FL',2,1.6),(187,19,3,'TUCSON 1.6 CRDI ELITE DCT FL',2,1.6),(188,19,3,'TUCSON 1.6 CRDI ELITE PLUS 4X4 DCT FL',1,1.6),(189,19,3,'i10 FL 1.2 MPI 79 JUMP',2,1.2),(190,19,2,'i10 FL 1.2 MPI 79 JUMP AMT',2,1.2),(191,26,3,'DEFENDER 90 3.0 DIZEL D200 (2 KISILIK) NIG',2,3.0),(192,26,2,'DEFENDER 130 3.0 D300 X-DYNAMIC HSE',1,3.0),(193,26,1,'DEFENDER 130 3.0 D300 X',2,3.0),(194,26,1,'DISCOVERY 3.0 MHEV350 DYNAMIC SE',1,3.0),(195,26,3,'DISCOVERY 3.0 MHEV350 DYNAMIC HSE',1,3.0),(196,26,2,'DEFENDER 110 2.0 PHEV300 X-DYNAMIC SE',1,2.0),(197,26,2,'DEFENDER 110 2.0 PHEV300 X-DYNAMIC HSE',2,2.0),(198,26,2,'DEFENDER 110 2.0 PHEV300 X',1,2.0),(199,26,3,'DEFENDER 110 2.0 PHEV300 SEDONA EDITION',2,2.0),(200,26,3,'DISCOVERY SPORT S 1.5 PHEV269',1,1.5),(201,32,1,'MINI COUNTRYMAN C 1.5 170 FAVOURED',2,1.5),(202,32,3,'MINI COUNTRYMAN C 1.5 170 JCW',1,1.5),(203,32,1,'MINI COUNTRYMAN E 204 FAVOURED',2,3.1),(204,32,3,'MINI COUNTRYMAN SE ALL4 313 JCW',2,4.9),(205,32,3,'MINI COOPER 3 KAPI 1.5 156 FAVOURED',1,1.5),(206,32,2,'MINI COOPER 3 KAPI 1.5 156 JCW',2,1.5),(207,32,3,'MINI JCW COUNTRYMAN ALL4 2.0 300 JCW',1,2.0),(208,32,1,'MINI COOPER 5 KAPI 1.5 156 CLASSIC',2,1.5),(209,32,1,'MINI COOPER 5 KAPI 1.5 156 FAVOURED',2,1.5),(210,32,3,'MINI JCW 3 KAPI 2.0 231 JCW',1,2.0),(211,11,1,'JOGGER EXTREME 1.0 ECO-G 100 7 KOLTUKLU',2,1.0),(212,11,2,'JOGGER EXTREME 1.0 110 7 KOLTUKLU',1,1.0),(213,11,1,'SANDERO STEPWAY EXPRESSION TCE 90 CVT',2,2.1),(214,11,1,'SANDERO STEPWAY EXTREME TCE 90 CVT',1,2.5),(215,11,11,'JOGGER EXTREME HYBRID SMART M.MODE 140 7K',3,5.2),(216,11,1,'JOGGER EXTREME ECO-G 100 5K',1,4.0),(217,46,2,'MODEL Y LONG RANGE',2,6.0),(218,46,2,'MODEL Y PERFORMANCE',2,1.2),(219,46,2,'MODEL Y RWD STANDART RANGE',2,4.2),(220,46,3,'MODEL Y STANDART RANGE RWD FL',2,2.4),(221,46,2,'MODEL Y LONG RANGE AWD FL',1,2.0),(222,5,3,'CONTINENTAL GT AZURE V8',2,5.6),(223,5,1,'CONTINENTAL GT MULLINER',1,6.0),(224,28,1,'LS 500h EXCLUSIVE AWD',2,5.2),(225,28,2,'ES 300H BUSINESS PLUS E-CVT',1,5.3),(226,28,1,'NX 350h 4x4 BUSINESS PLUS E-CVT',1,2.2),(227,28,2,'NX 350h 4x4 EXECUTIVE E-CVT',1,3.9),(228,28,2,'NX 350h 4x4 F SPORT E-CVT',1,4.5),(229,28,3,'NX 350h 4x4 EXCLUSIVE E-CVT',2,4.7),(230,28,2,'RX 350H AWD EXECUTIVE',2,5.7),(231,28,3,'RX 350H AWD EXCLUSIVE',1,3.9),(232,28,2,'RX 500H AWD F SPORT',2,5.8),(233,28,3,'LM 350H E-CVT 7 KOLTUKLU',1,2.6),(234,31,1,'MG7 PASSION',2,3.1),(235,31,1,'MG7 EXCELLENCE',1,3.6),(236,10,1,'FORMENTOR 1.5 eTSI (MHEV) 150 DSG VZ-LINE',2,1.5),(237,10,2,'FORMENTOR VZ 2.0 TSI 333 DSG 4DRIVE',2,2.0),(238,10,2,'LEON 1.5 E-TSI MHEV 150 DSG VZ-LINE FL',1,1.5),(239,10,1,'LEON 2.0 TSI 300 DSG VZ FL',2,2.0),(240,10,1,'TERRAMAR 1.5 E-TSI MHEV 150 DSG SUPREME',2,1.5),(241,10,1,'TERRAMAR 1.5 E-TSI MHEV 150 DSG VZ-LINE',1,1.5),(242,10,1,'LEON 1.5 E-TSI MHEV 150 DSG SUPREME',1,1.5),(243,10,2,'FORMENTOR 1.5 E-TSI MHEV 150 DSG SUPREME',2,1.5),(244,10,11,'FORMENTOR 1.5 EHYBRID 204 DSG SUPREME',3,1.5),(245,10,11,'FORMENTOR 1.5 EHYBRID 272 DSG VZ',3,1.5),(246,8,3,'OMODA 5 PRO VISION',1,5.4),(247,8,3,'OMODA 5 PRO INTELLIGENT',1,1.2),(248,8,1,'OMODA 5 PRO EXCEPTIONAL',1,4.5),(249,8,3,'TIGGO 7 PRO MAX INTELLIGENT',1,4.5),(250,8,2,'TIGGO 7 PRO MAX EXCEPTIONAL',2,4.5),(251,8,3,'TIGGO 8 PRO MAX INTELLIGENT',2,2.8),(252,8,1,'TIGGO 8 PRO MAX EXCEPTIONAL',2,2.8),(253,7,2,'ATTO 3 150KW',4,0.0),(254,7,1,'SEAL U DM-i',1,4.5),(255,7,2,'DOLPHIN 150KW DESIGN',4,0.0),(256,7,2,'SEAL U EV',1,5.9),(257,7,1,'SEAL 390KW',4,0.0),(258,7,3,'HAN 380KW',4,0.0),(259,7,2,'TANG 380KW',4,0.0),(260,7,2,'DOLPHIN 150KW COMFORT',4,0.0),(261,7,3,'SEAL DESIGN',2,1.5),(262,13,1,'DS 4 PALLAS BLUEHDI 130 AT',1,1.4),(263,13,3,'DS 7 ETOILE BLUEHDI 130 AT',1,2.3),(264,13,11,'DS 7 ETOILE PLUG-IN HYBRID AWD 300',3,5.3),(265,24,2,'STONIC COOL 1.0 100 DCT',1,1.0),(266,24,1,'XCEED ELEGANCE 1.5 160 DCT',2,1.5),(267,24,3,'STONIC BUSINESS 1.0 100 OV',2,1.0),(268,24,2,'EV9 (384) AT 4x4 GT-LINE',2,4.0),(269,24,1,'EV9 (203) AT PRESTIGE 7K',2,2.7),(270,24,2,'SPORTAGE 1.6 160 MHEV DCT PRESTIGE PLUS',1,1.6),(271,24,2,'STONIC BUSINESS PLUS 1.0 100 DCT',2,1.0),(272,24,3,'EV9 (384) AT 4x4 GT-LINE 7K',1,5.3),(273,24,3,'PICANTO FEEL 1.0 63 AMT FL',2,1.0),(274,24,3,'PICANTO COOL 1.2 79 AMT FL',2,1.2),(275,12,1,'C31 G1.5 4x2 MT PRO TEK KABIN',2,1.5),(276,20,1,'JAECOO 7 1.6 145 REVIVE DCT',1,1.6),(277,20,3,'JAECOO 7 1.6 145 EVOLVE 4X4 DCT',1,1.6),(278,47,1,'T10X V1 RWD STANDART MENZIL 160KW',4,0.0),(279,47,1,'T10X V2 RWD UZUN MENZIL 160KW',4,0.0),(280,47,3,'T10X V1 RWD UZUN MENZIL 160KW',4,0.0);
/*!40000 ALTER TABLE `Models` ENABLE KEYS */;
UNLOCK TABLES;

--
-- Table structure for table `Users`
--

DROP TABLE IF EXISTS `Users`;
/*!40101 SET @saved_cs_client     = @@character_set_client */;
/*!50503 SET character_set_client = utf8mb4 */;
CREATE TABLE `Users` (
  `user_id` int NOT NULL AUTO_INCREMENT,
  `name` varchar(100) DEFAULT NULL,
  `email` varchar(100) DEFAULT NULL,
  `password` varchar(100) DEFAULT NULL,
  `phone` varchar(20) DEFAULT NULL,
  `location_id` int DEFAULT NULL,
  PRIMARY KEY (`user_id`),
  UNIQUE KEY `email` (`email`),
  KEY `location_id` (`location_id`),
  CONSTRAINT `users_ibfk_1` FOREIGN KEY (`location_id`) REFERENCES `Locations` (`location_id`)
) ENGINE=InnoDB AUTO_INCREMENT=101 DEFAULT CHARSET=utf8mb4 COLLATE=utf8mb4_0900_ai_ci;
/*!40101 SET character_set_client = @saved_cs_client */;

--
-- Dumping data for table `Users`
--

LOCK TABLES `Users` WRITE;
/*!40000 ALTER TABLE `Users` DISABLE KEYS */;
INSERT INTO `Users` VALUES (1,'Mehmet Yıldız','user1@example.com','pass1','05572638289',30),(2,'Yusuf Yılmaz','user2@example.com','pass2','05596368595',3),(3,'Mehmet Yıldız','user3@example.com','pass3','05516308643',55),(4,'Elif Yıldız','user4@example.com','pass4','05357660496',41),(5,'Mert Kaya','user5@example.com','pass5','05449660008',45),(6,'Ayşe Aydın','user6@example.com','pass6','05423201906',13),(7,'Yusuf Demir','user7@example.com','pass7','05358664461',31),(8,'Mehmet Yılmaz','user8@example.com','pass8','05369775670',73),(9,'Yusuf Kaya','user9@example.com','pass9','05458543031',54),(10,'Elif Kaya','user10@example.com','pass10','05361573248',30),(11,'Ali Öztürk','user11@example.com','pass11','05317790383',33),(12,'Ali Çelik','user12@example.com','pass12','05515491531',67),(13,'Zeynep Arslan','user13@example.com','pass13','05506699351',28),(14,'Mustafa Arslan','user14@example.com','pass14','05468430341',44),(15,'Fatma Çelik','user15@example.com','pass15','05552592886',78),(16,'Elif Demir','user16@example.com','pass16','05582039218',5),(17,'Ali Şahin','user17@example.com','pass17','05583174517',21),(18,'Mert Demir','user18@example.com','pass18','05539529060',42),(19,'Ayşe Arslan','user19@example.com','pass19','05465458574',54),(20,'Mehmet Çelik','user20@example.com','pass20','05537615872',50),(21,'Mustafa Yılmaz','user21@example.com','pass21','05547231777',78),(22,'Yusuf Öztürk','user22@example.com','pass22','05342165591',38),(23,'Ayşe Aydın','user23@example.com','pass23','05371330097',60),(24,'Mustafa Demir','user24@example.com','pass24','05594604019',1),(25,'Zeynep Yılmaz','user25@example.com','pass25','05368900902',6),(26,'Fatma Arslan','user26@example.com','pass26','05433829342',12),(27,'Elif Yılmaz','user27@example.com','pass27','05407932377',70),(28,'Mustafa Yıldız','user28@example.com','pass28','05533658705',9),(29,'Ayşe Aydın','user29@example.com','pass29','05316198440',11),(30,'Ahmet Çelik','user30@example.com','pass30','05382645631',9),(31,'Ayşe Kaya','user31@example.com','pass31','05461625672',33),(32,'Mehmet Yılmaz','user32@example.com','pass32','05401835582',13),(33,'Mehmet Yıldız','user33@example.com','pass33','05308157819',12),(34,'Ali Kaya','user34@example.com','pass34','05483381003',34),(35,'Elif Arslan','user35@example.com','pass35','05329180079',39),(36,'Mehmet Kaya','user36@example.com','pass36','05412519568',34),(37,'Ayşe Öztürk','user37@example.com','pass37','05434938406',59),(38,'Zeynep Yıldız','user38@example.com','pass38','05483772813',68),(39,'Ayşe Kaya','user39@example.com','pass39','05549599331',67),(40,'Mert Çelik','user40@example.com','pass40','05302099002',49),(41,'Fatma Şahin','user41@example.com','pass41','05506158829',45),(42,'Fatma Doğan','user42@example.com','pass42','05406065482',59),(43,'Mustafa Kaya','user43@example.com','pass43','05357347431',74),(44,'Ahmet Demir','user44@example.com','pass44','05518908971',4),(45,'Zeynep Kaya','user45@example.com','pass45','05501873593',9),(46,'Yusuf Arslan','user46@example.com','pass46','05306551181',20),(47,'Ayşe Şahin','user47@example.com','pass47','05516007838',63),(48,'Mustafa Yılmaz','user48@example.com','pass48','05446105483',4),(49,'Zeynep Kaya','user49@example.com','pass49','05476830018',74),(50,'Yusuf Öztürk','user50@example.com','pass50','05536667635',27),(51,'Mustafa Öztürk','user51@example.com','pass51','05548795305',60),(52,'Mehmet Çelik','user52@example.com','pass52','05536596248',34),(53,'Ayşe Doğan','user53@example.com','pass53','05509267049',51),(54,'Yusuf Çelik','user54@example.com','pass54','05343638192',78),(55,'Yusuf Öztürk','user55@example.com','pass55','05425757853',12),(56,'Mustafa Demir','user56@example.com','pass56','05408745625',26),(57,'Mustafa Demir','user57@example.com','pass57','05327020459',78),(58,'Elif Kaya','user58@example.com','pass58','05443339869',32),(59,'Yusuf Kaya','user59@example.com','pass59','05332917516',41),(60,'Ahmet Öztürk','user60@example.com','pass60','05576298233',54),(61,'Zeynep Doğan','user61@example.com','pass61','05529251816',64),(62,'Mert Aydın','user62@example.com','pass62','05528797509',33),(63,'Yusuf Aydın','user63@example.com','pass63','05386949785',22),(64,'Elif Demir','user64@example.com','pass64','05533164635',46),(65,'Mert Arslan','user65@example.com','pass65','05454864709',43),(66,'Fatma Aydın','user66@example.com','pass66','05309892718',71),(67,'Mustafa Yıldız','user67@example.com','pass67','05333177634',70),(68,'Fatma Yıldız','user68@example.com','pass68','05593932367',74),(69,'Ahmet Çelik','user69@example.com','pass69','05343881826',72),(70,'Zeynep Doğan','user70@example.com','pass70','05538849049',2),(71,'Ayşe Doğan','user71@example.com','pass71','05571617371',80),(72,'Ahmet Yılmaz','user72@example.com','pass72','05506676229',51),(73,'Elif Arslan','user73@example.com','pass73','05355227158',49),(74,'Mehmet Yıldız','user74@example.com','pass74','05336103652',27),(75,'Ali Yıldız','user75@example.com','pass75','05406521341',52),(76,'Elif Şahin','user76@example.com','pass76','05415446713',39),(77,'Ahmet Kaya','user77@example.com','pass77','05315664195',20),(78,'Mustafa Kaya','user78@example.com','pass78','05301474140',6),(79,'Mehmet Arslan','user79@example.com','pass79','05536710676',67),(80,'Mehmet Arslan','user80@example.com','pass80','05497471315',73),(81,'Ayşe Öztürk','user81@example.com','pass81','05504740527',34),(82,'Zeynep Yılmaz','user82@example.com','pass82','05539722390',27),(83,'Zeynep Öztürk','user83@example.com','pass83','05413818916',62),(84,'Ali Demir','user84@example.com','pass84','05515147799',47),(85,'Ali Şahin','user85@example.com','pass85','05576707223',75),(86,'Ahmet Öztürk','user86@example.com','pass86','05329436680',47),(87,'Elif Şahin','user87@example.com','pass87','05458019109',2),(88,'Ali Aydın','user88@example.com','pass88','05516865268',63),(89,'Fatma Demir','user89@example.com','pass89','05594650931',3),(90,'Elif Doğan','user90@example.com','pass90','05372308424',35),(91,'Ayşe Demir','user91@example.com','pass91','05317383970',49),(92,'Ayşe Kaya','user92@example.com','pass92','05448638218',3),(93,'Yusuf Çelik','user93@example.com','pass93','05408197621',43),(94,'Elif Arslan','user94@example.com','pass94','05396047926',46),(95,'Mustafa Aydın','user95@example.com','pass95','05555397379',31),(96,'Fatma Aydın','user96@example.com','pass96','05443842802',30),(97,'Ahmet Doğan','user97@example.com','pass97','05526216961',14),(98,'Ali Kaya','user98@example.com','pass98','05464346444',31),(99,'Zeynep Arslan','user99@example.com','pass99','05314867076',33),(100,'Elif Yılmaz','user100@example.com','pass100','05471105810',3);
/*!40000 ALTER TABLE `Users` ENABLE KEYS */;
UNLOCK TABLES;
/*!40103 SET TIME_ZONE=@OLD_TIME_ZONE */;

/*!40101 SET SQL_MODE=@OLD_SQL_MODE */;
/*!40014 SET FOREIGN_KEY_CHECKS=@OLD_FOREIGN_KEY_CHECKS */;
/*!40014 SET UNIQUE_CHECKS=@OLD_UNIQUE_CHECKS */;
/*!40101 SET CHARACTER_SET_CLIENT=@OLD_CHARACTER_SET_CLIENT */;
/*!40101 SET CHARACTER_SET_RESULTS=@OLD_CHARACTER_SET_RESULTS */;
/*!40101 SET COLLATION_CONNECTION=@OLD_COLLATION_CONNECTION */;
/*!40111 SET SQL_NOTES=@OLD_SQL_NOTES */;

-- Dump completed on 2025-05-19 20:11:20
